gbifID	datasetKey	occurrenceID	kingdom	phylum	class	order	family	genus	species	infraspecificEpithet	taxonRank	scientificName	verbatimScientificName	verbatimScientificNameAuthorship	countryCode	locality	stateProvince	occurrenceStatus	individualCount	publishingOrgKey	decimalLatitude	decimalLongitude	coordinateUncertaintyInMeters	coordinatePrecision	elevation	elevationAccuracy	depth	depthAccuracy	eventDate	day	month	year	taxonKey	speciesKey	basisOfRecord	institutionCode	collectionCode	catalogNumber	recordNumber	identifiedBy	dateIdentified	license	rightsHolder	recordedBy	typeStatus	establishmentMeans	lastInterpreted	mediaType	issue
694777634	b5cdf794-8fa4-4a85-8b26-755d087bf531	http://coldb.mnhn.fr/catalognumber/mnhn/p/p06668609	Plantae	Tracheophyta	Magnoliopsida	Myrtales	Myrtaceae	Syzygium	Syzygium grande		SPECIES	Syzygium grande (Wight) Walp.	Syzygium grande (Wight) Walp.	(Wight) Walp.	KH		Kampong Speu	PRESENT		2cd829bb-b713-433d-99cf-64bef11e5b3e	11.87	103.88417							1928-05-03	3	5	1928	3183729	7370452	PRESERVED_SPECIMEN	MNHN	P	P06668609		Soh		CC_BY_4_0		Poilane, E.			2024-11-20T17:45:41.732Z	StillImage	GEODETIC_DATUM_ASSUMED_WGS84;CONTINENT_DERIVED_FROM_COORDINATES
575364202	bf2a4bf0-5f31-11de-b67e-b8a03c50a862	https://data.rbge.org.uk/herb/E00396334	Plantae	Tracheophyta	Magnoliopsida	Myrtales	Myrtaceae	Syzygium	Syzygium grande		SPECIES	Syzygium grande (Wight) Walp.	Syzygium grande (Wight) Walp.		TH		Phetchaburi	PRESENT		98e934b0-5f31-11de-b67e-b8a03c50a862	12.868889	99.371944			124.0	0.0			2005-01-26	26	1	2005	3183729	7370452	PRESERVED_SPECIMEN	RBGE	E	E00396334	1103			CC0	Royal Botanic Garden Edinburgh	Williams, Kyle			2024-11-19T11:26:20.277Z		CONTINENT_DERIVED_FROM_COORDINATES
4977560604	cd6e21c8-9e8a-493a-8a76-fbf7862069e5	http://specimens.kew.org/herbarium/K001937259	Plantae	Tracheophyta	Magnoliopsida	Myrtales	Myrtaceae	Syzygium	Syzygium grande		SPECIES	Syzygium grande (Wight) Walp.	Syzygium grande	(Wight) Walp.	MY	Hutan Lipur Rantau Abang area		PRESENT		061b4f20-f241-11da-a328-b8a03c50a862	4.8755	103.371333			34.0				2016-04-26T00:00	26	4	2016	3183729	7370452	PRESERVED_SPECIMEN	K	Herbarium	K001937259	FRI 84623			CC_BY_4_0		Norzielawati, S.; Mohd. Hairul, M.A.; Syazwani, A.; Rafidah, A.R.; Sarah Nabila, R.			2024-11-15T13:42:26.035Z		COORDINATE_ROUNDED;GEODETIC_DATUM_ASSUMED_WGS84;CONTINENT_DERIVED_FROM_COORDINATES;INSTITUTION_MATCH_FUZZY;INSTITUTION_COLLECTION_MISMATCH
4908889810	50c9509d-22c7-4a22-a47d-8c48425ef4a7	https://www.inaturalist.org/observations/229920882	Plantae	Tracheophyta	Magnoliopsida	Myrtales	Myrtaceae	Syzygium	Syzygium grande		SPECIES	Syzygium grande (Wight) N.P.Balakr.	Syzygium grande		SG		Central	PRESENT		28eb1a3f-1c15-4a95-931a-4af90ecb574d	1.350279	103.808105	31447.0						2024-07-17T16:23:05	17	7	2024	7370452	7370452	HUMAN_OBSERVATION	iNaturalist	Observations	229920882		锎钔锕	2024-07-17T16:11:47	CC_BY_NC_4_0	锎钔锕	锎钔锕			2024-11-19T03:15:43.769Z	StillImage	COORDINATE_ROUNDED;CONTINENT_DERIVED_FROM_COORDINATES;TAXON_MATCH_TAXON_ID_IGNORED
4902027885	50c9509d-22c7-4a22-a47d-8c48425ef4a7	https://www.inaturalist.org/observations/222621595	Plantae	Tracheophyta	Magnoliopsida	Myrtales	Myrtaceae	Syzygium	Syzygium grande		SPECIES	Syzygium grande (Wight) N.P.Balakr.	Syzygium grande		SG		West	PRESENT		28eb1a3f-1c15-4a95-931a-4af90ecb574d	1.325167	103.620066	31447.0						2024-06-14T17:58:05	14	6	2024	7370452	7370452	HUMAN_OBSERVATION	iNaturalist	Observations	222621595		fieryfalls	2024-06-15T02:29:10	CC_BY_NC_4_0	airgel	airgel			2024-11-19T02:34:46.120Z	StillImage	COORDINATE_ROUNDED;CONTINENT_DERIVED_FROM_COORDINATES;TAXON_MATCH_TAXON_ID_IGNORED
4901470087	50c9509d-22c7-4a22-a47d-8c48425ef4a7	https://www.inaturalist.org/observations/224357136	Plantae	Tracheophyta	Magnoliopsida	Myrtales	Myrtaceae	Syzygium	Syzygium grande		SPECIES	Syzygium grande (Wight) N.P.Balakr.	Syzygium grande		SG		West	PRESENT		28eb1a3f-1c15-4a95-931a-4af90ecb574d	1.312017	103.781339	31447.0						2024-06-22T17:07:31	22	6	2024	7370452	7370452	HUMAN_OBSERVATION	iNaturalist	Observations	224357136		airgel	2024-06-22T10:11:03	CC_BY_NC_4_0	airgel	airgel			2024-11-19T03:14:59.663Z	StillImage	COORDINATE_ROUNDED;CONTINENT_DERIVED_FROM_COORDINATES;TAXON_MATCH_TAXON_ID_IGNORED
4875311803	50c9509d-22c7-4a22-a47d-8c48425ef4a7	https://www.inaturalist.org/observations/219931269	Plantae	Tracheophyta	Magnoliopsida	Myrtales	Myrtaceae	Syzygium	Syzygium grande		SPECIES	Syzygium grande (Wight) N.P.Balakr.	Syzygium grande		SG		North	PRESENT		28eb1a3f-1c15-4a95-931a-4af90ecb574d	1.262588	103.831521	31447.0						2024-02-18T16:50	18	2	2024	7370452	7370452	HUMAN_OBSERVATION	iNaturalist	Observations	219931269		ian_mcallan	2024-06-02T06:30:55	CC_BY_NC_4_0	ian_mcallan	ian_mcallan			2024-11-19T03:14:14.734Z	StillImage	COORDINATE_ROUNDED;CONTINENT_DERIVED_FROM_COORDINATES;TAXON_MATCH_TAXON_ID_IGNORED
4863349630	50c9509d-22c7-4a22-a47d-8c48425ef4a7	https://www.inaturalist.org/observations/214991615	Plantae	Tracheophyta	Magnoliopsida	Myrtales	Myrtaceae	Syzygium	Syzygium grande		SPECIES	Syzygium grande (Wight) N.P.Balakr.	Syzygium grande		SG		Central	PRESENT		28eb1a3f-1c15-4a95-931a-4af90ecb574d	1.309301	103.975893	31447.0						2024-05-11T13:16	11	5	2024	7370452	7370452	HUMAN_OBSERVATION	iNaturalist	Observations	214991615		chugbug111	2024-05-12T03:39:05	CC_BY_NC_4_0	Mike Hooper	Mike Hooper			2024-11-19T02:34:42.033Z		COORDINATE_ROUNDED;CONTINENT_DERIVED_FROM_COORDINATES;TAXON_MATCH_TAXON_ID_IGNORED
4596856079	50c9509d-22c7-4a22-a47d-8c48425ef4a7	https://www.inaturalist.org/observations/201463768	Plantae	Tracheophyta	Magnoliopsida	Myrtales	Myrtaceae	Syzygium	Syzygium grande		SPECIES	Syzygium grande (Wight) N.P.Balakr.	Syzygium grande		SG		Central	PRESENT		28eb1a3f-1c15-4a95-931a-4af90ecb574d	1.209837	103.854736	31447.0						2024-02-19T18:15:06	19	2	2024	7370452	7370452	HUMAN_OBSERVATION	iNaturalist	Observations	201463768		Foon Jian Min	2024-03-06T11:10:01	CC_BY_NC_4_0	Foon Jian Min	Foon Jian Min			2024-11-19T02:28:03.856Z	StillImage	COORDINATE_ROUNDED;CONTINENT_DERIVED_FROM_COORDINATES;TAXON_MATCH_TAXON_ID_IGNORED
4519469309	cd6e21c8-9e8a-493a-8a76-fbf7862069e5	http://specimens.kew.org/herbarium/K001767559	Plantae	Tracheophyta	Magnoliopsida	Myrtales	Myrtaceae	Syzygium	Syzygium grande		SPECIES	Syzygium grande (Wight) Walp.	Syzygium grande	(Wight) Walp.	TH	Forest near beach. All collection near NP facility. 		PRESENT		061b4f20-f241-11da-a328-b8a03c50a862	11.798611	102.389722			4.0				2022-07-07T00:00	7	7	2022	3183729	7370452	PRESERVED_SPECIMEN	K	Herbarium	K001767559	10155			CC_BY_4_0		Balslev, H.; Poopath, M.; Karaket, P.; Thaotawin, P.; Kladwong, P.; Rujichaipimon, W.;  Brem Nøhr, N.			2024-11-15T13:40:59.816Z	StillImage	COORDINATE_ROUNDED;GEODETIC_DATUM_ASSUMED_WGS84;CONTINENT_DERIVED_FROM_COORDINATES;INSTITUTION_MATCH_FUZZY;INSTITUTION_COLLECTION_MISMATCH
4519461945	cd6e21c8-9e8a-493a-8a76-fbf7862069e5	http://specimens.kew.org/herbarium/K001636555	Plantae	Tracheophyta	Magnoliopsida	Myrtales	Myrtaceae	Syzygium	Syzygium grande		SPECIES	Syzygium grande (Wight) Walp.	Syzygium grande	(Wight) Walp.	TH	Headquarters.		PRESENT		061b4f20-f241-11da-a328-b8a03c50a862	8.983333	98.466667			130.0				2004-06-22T00:00	22	6	2004	3183729	7370452	PRESERVED_SPECIMEN	K	Herbarium	K001636555	ST0836			CC_BY_4_0		Gardner, S.; Sidisunthorn, P.			2024-11-15T13:40:58.926Z	StillImage	COORDINATE_ROUNDED;GEODETIC_DATUM_ASSUMED_WGS84;CONTINENT_DERIVED_FROM_COORDINATES;INSTITUTION_MATCH_FUZZY;INSTITUTION_COLLECTION_MISMATCH
4424147668	50c9509d-22c7-4a22-a47d-8c48425ef4a7	https://www.inaturalist.org/observations/186008590	Plantae	Tracheophyta	Magnoliopsida	Myrtales	Myrtaceae	Syzygium	Syzygium grande		SPECIES	Syzygium grande (Wight) N.P.Balakr.	Syzygium grande		SG		Central	PRESENT		28eb1a3f-1c15-4a95-931a-4af90ecb574d	1.221484	103.635818	31447.0						2023-10-03T15:13:31	3	10	2023	7370452	7370452	HUMAN_OBSERVATION	iNaturalist	Observations	186008590		chugbug111	2023-10-03T17:00:56	CC_BY_NC_4_0	kacper313	kacper313			2024-11-19T02:31:28.546Z	StillImage	COORDINATE_ROUNDED;CONTINENT_DERIVED_FROM_COORDINATES;TAXON_MATCH_TAXON_ID_IGNORED
4421223411	50c9509d-22c7-4a22-a47d-8c48425ef4a7	https://www.inaturalist.org/observations/185521044	Plantae	Tracheophyta	Magnoliopsida	Myrtales	Myrtaceae	Syzygium	Syzygium grande		SPECIES	Syzygium grande (Wight) N.P.Balakr.	Syzygium grande		SG		Central	PRESENT		28eb1a3f-1c15-4a95-931a-4af90ecb574d	1.234834	103.830172	31447.0						2023-09-30T11:28:20	30	9	2023	7370452	7370452	HUMAN_OBSERVATION	iNaturalist	Observations	185521044		Benjamin	2023-10-01T04:36:23	CC_BY_NC_4_0	Benjamin	Benjamin			2024-11-19T02:31:09.198Z	StillImage	COORDINATE_ROUNDED;CONTINENT_DERIVED_FROM_COORDINATES;TAXON_MATCH_TAXON_ID_IGNORED
4407104270	50c9509d-22c7-4a22-a47d-8c48425ef4a7	https://www.inaturalist.org/observations/181304288	Plantae	Tracheophyta	Magnoliopsida	Myrtales	Myrtaceae	Syzygium	Syzygium grande		SPECIES	Syzygium grande (Wight) N.P.Balakr.	Syzygium grande		SG		Central	PRESENT		28eb1a3f-1c15-4a95-931a-4af90ecb574d	1.353934	103.812948	31447.0						2023-09-02T11:21:18	2	9	2023	7370452	7370452	HUMAN_OBSERVATION	iNaturalist	Observations	181304288		plantboyofsingapore	2023-09-02T16:09:01	CC_BY_NC_4_0	Benjamin	Benjamin			2024-11-19T03:08:57.119Z	StillImage	COORDINATE_ROUNDED;CONTINENT_DERIVED_FROM_COORDINATES;TAXON_MATCH_TAXON_ID_IGNORED
4130383855	833db434-f762-11e1-a439-00145eb45e9a	AAU-Herbarium-H.Balslev10155	Plantae	Tracheophyta	Magnoliopsida	Myrtales	Myrtaceae	Syzygium	Syzygium grande		SPECIES	Syzygium grande (Wight) Walp.	Syzygium grande (Wight)Walp.		TH	Koh Rang island. Forest near beach. All collection near NP facility	Trat	PRESENT		8e1a97a0-3ca8-11d9-8439-b8a03c50a862	11.798	102.389			4.0	0.0			2022-07-07	7	7	2022	3183729	7370452	PRESERVED_SPECIMEN	AU	AAU	H.Balslev10155				CC_BY_4_0		H. Balslev			2024-01-25T09:56:52.206Z		GEODETIC_DATUM_ASSUMED_WGS84;INSTITUTION_MATCH_FUZZY;COLLECTION_MATCH_FUZZY
4130376291	833db434-f762-11e1-a439-00145eb45e9a	AAU-Herbarium-K.Larsen41900	Plantae	Tracheophyta	Magnoliopsida	Myrtales	Myrtaceae	Syzygium	Syzygium grande		SPECIES	Syzygium grande (Wight) N.P.Balakr.	Syzygium grande var. grande (Wight)Walp.		TH	"""""""Phu Hin Rong Kla, 40 km E of Nakhon Thai"	Phitsanulok	PRESENT		8e1a97a0-3ca8-11d9-8439-b8a03c50a862	17.083	101.116	2000.0		1200.0								7370452	7370452	PRESERVED_SPECIMEN	Parnell, J. (TCD), 1997.	AU	AAU		K. Larsen		CC_BY_4_0					2024-01-25T09:56:52.490Z		GEODETIC_DATUM_ASSUMED_WGS84;RECORDED_DATE_UNLIKELY;TAXON_MATCH_HIGHERRANK;ELEVATION_NOT_METRIC;ELEVATION_NON_NUMERIC;TYPE_STATUS_INVALID;INSTITUTION_MATCH_NONE
4054946910	50c9509d-22c7-4a22-a47d-8c48425ef4a7	https://www.inaturalist.org/observations/150186291	Plantae	Tracheophyta	Magnoliopsida	Myrtales	Myrtaceae	Syzygium	Syzygium grande		SPECIES	Syzygium grande (Wight) N.P.Balakr.	Syzygium grande		MY		Selangor	PRESENT		28eb1a3f-1c15-4a95-931a-4af90ecb574d	3.153112	101.438931	31428.0						2023-03-04T12:03:25	4	3	2023	7370452	7370452	HUMAN_OBSERVATION	iNaturalist	Observations	150186291		Akmal Idham	2023-03-04T05:32:37	CC_BY_NC_4_0	Akmal Idham	Akmal Idham			2024-11-19T02:25:52.754Z	StillImage	COORDINATE_ROUNDED;CONTINENT_DERIVED_FROM_COORDINATES;TAXON_MATCH_TAXON_ID_IGNORED
4045013840	4515e736-fa02-44ee-9808-bf89445104fe	4656911	Plantae	Tracheophyta	Magnoliopsida	Myrtales	Myrtaceae	Syzygium	Syzygium grande		SPECIES	Syzygium laosense (Gagnep.) Merr. & L.M.Perry	Syzygium laosense		CN		云南	PRESENT		a2fa5b68-3ebf-4845-abc5-f456d251386f	22.98	103.68							1953			1953	3183740	7370452	PRESERVED_SPECIMEN	IBSC		0261775				CC_BY_NC_4_0		毛品一			2024-01-26T08:52:10.600Z		GEODETIC_DATUM_ASSUMED_WGS84;COUNTRY_INVALID;CONTINENT_DERIVED_FROM_COORDINATES;COLLECTION_MATCH_NONE;INSTITUTION_MATCH_FUZZY
4044624206	4515e736-fa02-44ee-9808-bf89445104fe	3863043	Plantae	Tracheophyta	Magnoliopsida	Myrtales	Myrtaceae	Syzygium	Syzygium grande		SPECIES	Syzygium laosense (Gagnep.) Merr. & L.M.Perry	Syzygium laosense		CN		云南	PRESENT		a2fa5b68-3ebf-4845-abc5-f456d251386f	23.37	102.42							1974			1974	3183740	7370452	PRESERVED_SPECIMEN	KUN		0154851				CC_BY_NC_4_0		河口队			2024-01-26T08:52:10.939Z		GEODETIC_DATUM_ASSUMED_WGS84;COUNTRY_INVALID;CONTINENT_DERIVED_FROM_COORDINATES;COLLECTION_MATCH_NONE;INSTITUTION_MATCH_FUZZY
4043241191	4515e736-fa02-44ee-9808-bf89445104fe	9185677	Plantae	Tracheophyta	Magnoliopsida	Myrtales	Myrtaceae	Syzygium	Syzygium grande		SPECIES	Syzygium laosense (Gagnep.) Merr. & L.M.Perry	Syzygium laosense		CN		云南	PRESENT		a2fa5b68-3ebf-4845-abc5-f456d251386f	21.48	101.57							1952			1952	3183740	7370452	PRESERVED_SPECIMEN	SZ		2151C0001000305750				CC_BY_NC_4_0		冯国楣			2024-01-26T08:52:31.764Z		GEODETIC_DATUM_ASSUMED_WGS84;COUNTRY_INVALID;CONTINENT_DERIVED_FROM_COORDINATES;COLLECTION_MATCH_NONE;INSTITUTION_MATCH_FUZZY
4039198983	50c9509d-22c7-4a22-a47d-8c48425ef4a7	https://www.inaturalist.org/observations/148884324	Plantae	Tracheophyta	Magnoliopsida	Myrtales	Myrtaceae	Syzygium	Syzygium grande		SPECIES	Syzygium grande (Wight) N.P.Balakr.	Syzygium grande		SG		Central	PRESENT		28eb1a3f-1c15-4a95-931a-4af90ecb574d	1.332216	103.975435	31447.0						2023-02-16T15:45:03	16	2	2023	7370452	7370452	HUMAN_OBSERVATION	iNaturalist	Observations	148884324		chugbug111	2023-02-17T01:36:19	CC_BY_NC_4_0	lityangg	lityangg			2024-11-19T03:03:49.317Z	StillImage	COORDINATE_ROUNDED;CONTINENT_DERIVED_FROM_COORDINATES;TAXON_MATCH_TAXON_ID_IGNORED
3987073378	d8cd16ba-bb74-4420-821e-083f2bac17c2	AB925269	Plantae	Tracheophyta	Magnoliopsida	Myrtales	Myrtaceae	Syzygium	Syzygium grande		SPECIES	Syzygium grande (Wight) N.P.Balakr.	Syzygium grande		KH	Kampong Thom, Plot KT11-Tree38		PRESENT		ada9d123-ddb4-467d-8891-806ea8d94230	12.9717	105.42							2012-01-20	20	1	2012	7370452	7370452	PRESERVED_SPECIMEN			KYUM<JPN>:2623				CC_BY_4_0		Tagane et al.			2024-11-16T13:04:44.400Z		GEODETIC_DATUM_ASSUMED_WGS84;CONTINENT_DERIVED_FROM_COORDINATES;TAXON_MATCH_TAXON_CONCEPT_ID_IGNORED;TAXON_MATCH_TAXON_ID_IGNORED
3902585357	50c9509d-22c7-4a22-a47d-8c48425ef4a7	https://www.inaturalist.org/observations/134384629	Plantae	Tracheophyta	Magnoliopsida	Myrtales	Myrtaceae	Syzygium	Syzygium grande		SPECIES	Syzygium grande (Wight) N.P.Balakr.	Syzygium grande		SG		North-East	PRESENT		28eb1a3f-1c15-4a95-931a-4af90ecb574d	1.2973	103.823594	31447.0						2022-09-08T14:21	8	9	2022	7370452	7370452	HUMAN_OBSERVATION	iNaturalist	Observations	134384629		Fadzrun	2022-09-10T04:10:31	CC_BY_NC_4_0	Fadzrun	Fadzrun			2024-11-19T02:57:46.283Z	StillImage	COORDINATE_ROUNDED;CONTINENT_DERIVED_FROM_COORDINATES;TAXON_MATCH_TAXON_ID_IGNORED
3902080312	50c9509d-22c7-4a22-a47d-8c48425ef4a7	https://www.inaturalist.org/observations/10409475	Plantae	Tracheophyta	Magnoliopsida	Myrtales	Myrtaceae	Syzygium	Syzygium grande		SPECIES	Syzygium grande (Wight) N.P.Balakr.	Syzygium grande		SG		Central	PRESENT		28eb1a3f-1c15-4a95-931a-4af90ecb574d	1.260185	103.926593	31447.0						2018-03-25T09:10:18	25	3	2018	7370452	7370452	HUMAN_OBSERVATION	iNaturalist	Observations	10409475		Cheongweei Gan	2018-03-25T09:42:43	CC_BY_NC_4_0	Cheongweei Gan	Cheongweei Gan			2024-11-19T02:41:20.051Z	StillImage	COORDINATE_ROUNDED;CONTINENT_DERIVED_FROM_COORDINATES;TAXON_MATCH_TAXON_ID_IGNORED
3859530978	50c9509d-22c7-4a22-a47d-8c48425ef4a7	https://www.inaturalist.org/observations/120933035	Plantae	Tracheophyta	Magnoliopsida	Myrtales	Myrtaceae	Syzygium	Syzygium grande		SPECIES	Syzygium grande (Wight) N.P.Balakr.	Syzygium grande		SG		West	PRESENT		28eb1a3f-1c15-4a95-931a-4af90ecb574d	1.396673	103.782614	31447.0						2022-05-06T21:01:12	6	5	2022	7370452	7370452	HUMAN_OBSERVATION	iNaturalist	Observations	120933035		Gawain	2022-06-09T09:31:36	CC0_1_0	Gawain	Gawain			2024-11-19T02:20:11.414Z	StillImage	COORDINATE_ROUNDED;CONTINENT_DERIVED_FROM_COORDINATES;TAXON_MATCH_TAXON_ID_IGNORED
3817651457	d8cd16ba-bb74-4420-821e-083f2bac17c2	AB925217	Plantae	Tracheophyta	Magnoliopsida	Myrtales	Myrtaceae	Syzygium	Syzygium grande		SPECIES	Syzygium grande (Wight) N.P.Balakr.	Syzygium grande		KH	Kampong Thom, Near Plot KT31Tree 25		PRESENT		ada9d123-ddb4-467d-8891-806ea8d94230	12.5779	105.391							2011-04-26	26	4	2011	7370452	7370452	PRESERVED_SPECIMEN			KYUM<JPN>:1072				CC_BY_4_0		Toyama et al.			2024-11-16T13:04:44.128Z		GEODETIC_DATUM_ASSUMED_WGS84;CONTINENT_DERIVED_FROM_COORDINATES;TAXON_MATCH_TAXON_CONCEPT_ID_IGNORED;TAXON_MATCH_TAXON_ID_IGNORED
3710572403	203864a6-7d00-444b-bba2-095ff968e4d4	AllianceBioversityCIAT:DS2016-4	Plantae	Tracheophyta	Magnoliopsida	Myrtales	Myrtaceae	Syzygium	Syzygium grande		SPECIES	Syzygium grande (Wight) N.P.Balakr.	Syzygium grande	(Wight) N.P.Balakr.	IN	Singara range	Tamil Nadu	PRESENT		fee3882f-5360-4f01-a1ca-767c48fa629c	11.516667	76.633333							2014-03		3	2014	7370452	7370452	HUMAN_OBSERVATION	Alliance of Bioversity International and the International Center for Tropical Agriculture (CIAT)						CC_BY_4_0					2024-01-26T12:51:32.487Z		COORDINATE_ROUNDED
3710571772	203864a6-7d00-444b-bba2-095ff968e4d4	AllianceBioversityCIAT:Chhang82	Plantae	Tracheophyta	Magnoliopsida	Myrtales	Myrtaceae	Syzygium	Syzygium grande		SPECIES	Syzygium grande (Wight) N.P.Balakr.	Syzygium grande	(Wight) N.P.Balakr.	KH		Koh Kong	PRESENT		fee3882f-5360-4f01-a1ca-767c48fa629c	11.500278	103.45							2018-04-08	8	4	2018	7370452	7370452	HUMAN_OBSERVATION	Alliance of Bioversity International and the International Center for Tropical Agriculture (CIAT)			797			CC_BY_4_0					2024-01-26T12:51:32.179Z		COORDINATE_ROUNDED
3710570254	203864a6-7d00-444b-bba2-095ff968e4d4	AllianceBioversityCIAT:Chhang_Theilade_N_12	Plantae	Tracheophyta	Magnoliopsida	Myrtales	Myrtaceae	Syzygium	Syzygium grande		SPECIES	Syzygium grande (Wight) N.P.Balakr.	Syzygium grande	(Wight) N.P.Balakr.	KH		Kaôh Kong	PRESENT		fee3882f-5360-4f01-a1ca-767c48fa629c	11.29309	103.28577	10.0										7370452	7370452	HUMAN_OBSERVATION	Alliance of Bioversity International and the International Center for Tropical Agriculture (CIAT)						CC_BY_4_0					2024-01-26T12:51:31.286Z		
3710570253	203864a6-7d00-444b-bba2-095ff968e4d4	AllianceBioversityCIAT:Chhang_Theilade_N_11	Plantae	Tracheophyta	Magnoliopsida	Myrtales	Myrtaceae	Syzygium	Syzygium grande		SPECIES	Syzygium grande (Wight) N.P.Balakr.	Syzygium grande	(Wight) N.P.Balakr.	KH		Kaôh Kong	PRESENT		fee3882f-5360-4f01-a1ca-767c48fa629c	11.854062	103.514123	10.0						2018-11-27	27	11	2018	7370452	7370452	HUMAN_OBSERVATION	Alliance of Bioversity International and the International Center for Tropical Agriculture (CIAT)						CC_BY_4_0					2024-01-26T12:51:31.286Z		
3384525916	50c9509d-22c7-4a22-a47d-8c48425ef4a7	https://www.inaturalist.org/observations/96778648	Plantae	Tracheophyta	Magnoliopsida	Myrtales	Myrtaceae	Syzygium	Syzygium grande		SPECIES	Syzygium grande (Wight) N.P.Balakr.	Syzygium grande		MY		Selangor	PRESENT		28eb1a3f-1c15-4a95-931a-4af90ecb574d	3.073382	101.45356	31428.0						2021-10-01T18:58:04	1	10	2021	7370452	7370452	HUMAN_OBSERVATION	iNaturalist	Observations	96778648		Cheongweei Gan	2021-10-01T22:58:13	CC_BY_NC_4_0	黑乎乎君	黑乎乎君			2024-11-19T02:14:24.018Z	StillImage	COORDINATE_ROUNDED;CONTINENT_DERIVED_FROM_COORDINATES;TAXON_MATCH_TAXON_ID_IGNORED
3349543903	d8cd16ba-bb74-4420-821e-083f2bac17c2	AB925485	Plantae	Tracheophyta	Magnoliopsida	Myrtales	Myrtaceae	Syzygium	Syzygium grande		SPECIES	Syzygium grande (Wight) N.P.Balakr.	Syzygium grande		KH	Kampong Thom, Along forest margin near Plot KT31		PRESENT		ada9d123-ddb4-467d-8891-806ea8d94230	12.5759	105.387							2010-11-19	19	11	2010	7370452	7370452	PRESERVED_SPECIMEN			KYUM<JPN>:233				CC_BY_4_0		Toyama et al.			2024-11-16T13:02:51.017Z		GEODETIC_DATUM_ASSUMED_WGS84;CONTINENT_DERIVED_FROM_COORDINATES;TAXON_MATCH_TAXON_CONCEPT_ID_IGNORED;TAXON_MATCH_TAXON_ID_IGNORED
3347449182	d8cd16ba-bb74-4420-821e-083f2bac17c2	KJ709101	Plantae	Tracheophyta	Magnoliopsida	Myrtales	Myrtaceae	Syzygium	Syzygium grande		SPECIES	Syzygium grande (Wight) N.P.Balakr.	Syzygium grande		SG	Bukit Timah		PRESENT		ada9d123-ddb4-467d-8891-806ea8d94230	1.25	103.75							2009-07-13	13	7	2009	7370452	7370452	PRESERVED_SPECIMEN			BT_0095963756				CC_BY_4_0		Lum, S.			2024-11-16T13:03:25.233Z		GEODETIC_DATUM_ASSUMED_WGS84;CONTINENT_DERIVED_FROM_COORDINATES;TAXON_MATCH_TAXON_CONCEPT_ID_IGNORED;TAXON_MATCH_TAXON_ID_IGNORED
3346230857	d8cd16ba-bb74-4420-821e-083f2bac17c2	AB925911	Plantae	Tracheophyta	Magnoliopsida	Myrtales	Myrtaceae	Syzygium	Syzygium grande		SPECIES	Syzygium grande (Wight) N.P.Balakr.	Syzygium grande		KH	Kampong Thom, KT27-Tree33		PRESENT		ada9d123-ddb4-467d-8891-806ea8d94230	12.5759	105.39							2012-01-24	24	1	2012	7370452	7370452	PRESERVED_SPECIMEN			KYUM<JPN>:2687				CC_BY_4_0		Chhang P			2024-11-16T13:02:51.023Z		GEODETIC_DATUM_ASSUMED_WGS84;CONTINENT_DERIVED_FROM_COORDINATES;TAXON_MATCH_TAXON_CONCEPT_ID_IGNORED;TAXON_MATCH_TAXON_ID_IGNORED
3337489618	50c9509d-22c7-4a22-a47d-8c48425ef4a7	https://www.inaturalist.org/observations/83518840	Plantae	Tracheophyta	Magnoliopsida	Myrtales	Myrtaceae	Syzygium	Syzygium grande		SPECIES	Syzygium grande (Wight) N.P.Balakr.	Syzygium grande		SG		Central	PRESENT		28eb1a3f-1c15-4a95-931a-4af90ecb574d	1.222782	103.734494	31447.0						2021-02-06T13:20	6	2	2021	7370452	7370452	HUMAN_OBSERVATION	iNaturalist	Observations	83518840		Jerome Koh	2021-08-15T03:19:32	CC_BY_NC_4_0	Steven Chong	Steven Chong			2024-11-19T02:11:54.285Z	StillImage	COORDINATE_ROUNDED;CONTINENT_DERIVED_FROM_COORDINATES;TAXON_MATCH_TAXON_ID_IGNORED
3109068207	50c9509d-22c7-4a22-a47d-8c48425ef4a7	https://www.inaturalist.org/observations/75421512	Plantae	Tracheophyta	Magnoliopsida	Myrtales	Myrtaceae	Syzygium	Syzygium grande		SPECIES	Syzygium grande (Wight) N.P.Balakr.	Syzygium grande		SG		North	PRESENT		28eb1a3f-1c15-4a95-931a-4af90ecb574d	1.21491	103.916256	31447.0						2021-04-26T12:49	26	4	2021	7370452	7370452	HUMAN_OBSERVATION	iNaturalist	Observations	75421512		kangmin	2021-04-27T13:24:53	CC_BY_NC_4_0	kangmin	kangmin			2024-11-19T02:43:16.800Z	StillImage	COORDINATE_ROUNDED;CONTINENT_DERIVED_FROM_COORDINATES;TAXON_MATCH_TAXON_ID_IGNORED
2980365394	15f819bd-6612-4447-854b-14d12ee1022d	https://data.biodiversitydata.nl/naturalis/specimen/L%20%200962843	Plantae	Tracheophyta	Magnoliopsida	Myrtales	Myrtaceae	Syzygium	Syzygium grande		SPECIES	Eugenia grandis Wight	Eugenia grandis Wight	Wight	ID	Kalimantan Timur West Koetai	Borneo	PRESENT		396d5f30-dea9-11db-8ab4-b8a03c50a862	-0.59417	115.51556											5419225	7370452	PRESERVED_SPECIMEN		Botany	L  0962843	Oesman Nandika bb 28353			CC0_1_0	Naturalis Biodiversity Center	Oesman Nandika			2024-11-01T10:28:06.408Z		
2645935632	7a3679ef-5582-4aaa-81f0-8c2545cafc81	o-1005296331	Plantae	Tracheophyta	Magnoliopsida	Myrtales	Myrtaceae	Syzygium	Syzygium grande		SPECIES	Syzygium grande (Wight) Walp.	Syzygium grande (Wight) Walp.	(Wight) Walp.	MY			PRESENT	1	da86174a-a605-43a4-a5e8-53d484152cd3	2.945977	101.691702	200.0		7.8	0.0			2019-12-18T16:32:55Z	18	12	2019	3183729	7370452	HUMAN_OBSERVATION							CC_BY_4_0					2024-01-25T09:40:48.820Z	StillImage	COORDINATE_ROUNDED;COUNTRY_DERIVED_FROM_COORDINATES;CONTINENT_DERIVED_FROM_COORDINATES
2598671108	c6b86c40-ff71-4e5e-902c-111f400d0d56	https://indiabiodiversity.org/observation/show/378655	Plantae	Tracheophyta	Magnoliopsida	Myrtales	Myrtaceae	Syzygium	Syzygium grande		SPECIES	Syzygium grande (Wight) Walp.	Syzygium grande (Wight) Walp.		IN			PRESENT		62431bdf-fa0c-452b-afce-be14884a47ff	12.103781	75.815277							2014-12-16	16	12	2014	3183729	7370452	HUMAN_OBSERVATION			378655		N B Killedar;Siddarth Jude Machado		CC_BY_4_0		Siddarth Jude Machado			2024-11-20T23:15:55.507Z	StillImage	COORDINATE_ROUNDED;GEODETIC_DATUM_ASSUMED_WGS84;COUNTRY_DERIVED_FROM_COORDINATES;CONTINENT_DERIVED_FROM_COORDINATES;TAXON_MATCH_TAXON_ID_IGNORED;IDENTIFIED_DATE_INVALID
2574196145	50c9509d-22c7-4a22-a47d-8c48425ef4a7	https://www.inaturalist.org/observations/39158180	Plantae	Tracheophyta	Magnoliopsida	Myrtales	Myrtaceae	Syzygium	Syzygium grande		SPECIES	Syzygium grande (Wight) N.P.Balakr.	Syzygium grande		MY		Trengganu	PRESENT		28eb1a3f-1c15-4a95-931a-4af90ecb574d	5.625462	102.783795	31373.0						2009-10-13T12:00	13	10	2009	7370452	7370452	HUMAN_OBSERVATION	iNaturalist	Observations	39158180		Ong Jyh Seng	2020-02-25T03:04:27	CC_BY_4_0	John Howes	John Howes			2024-11-19T02:39:00.192Z	StillImage	COORDINATE_ROUNDED;CONTINENT_DERIVED_FROM_COORDINATES;TAXON_MATCH_TAXON_ID_IGNORED
2517122782	15f819bd-6612-4447-854b-14d12ee1022d	https://data.biodiversitydata.nl/naturalis/specimen/L.3931613	Plantae	Tracheophyta	Magnoliopsida	Myrtales	Myrtaceae	Syzygium	Syzygium grande		SPECIES	Syzygium grande (Wight) Walp.	Syzygium grande (Wight) Walp.	(Wight) Walp.	ID	Borneo, Kalimantan Barat. Ketapang. Gunung Palung National Park, Sungai Air Putih.		PRESENT		396d5f30-dea9-11db-8ab4-b8a03c50a862	-1.21667	110.1							1996-11-04	4	11	1996	3183729	7370452	PRESERVED_SPECIMEN		Botany	L.3931613	Laman, TG; Rachman, IA; Mirmanto, E 321			CC0_1_0	Naturalis Biodiversity Center	Laman TG; Rachman IA; Mirmanto E			2024-11-01T10:27:32.758Z	StillImage	
2517118822	15f819bd-6612-4447-854b-14d12ee1022d	https://data.biodiversitydata.nl/naturalis/specimen/L.3927749	Plantae	Tracheophyta	Magnoliopsida	Myrtales	Myrtaceae	Syzygium	Syzygium grande		SPECIES	Syzygium grande (Wight) Walp.	Syzygium grande (Wight) Walp.	(Wight) Walp.	MY	Borneo, Malaysia, Sabah, Ranau District: Bukit Hampuan at SE base of Mt. Kinabalu.		PRESENT		396d5f30-dea9-11db-8ab4-b8a03c50a862	6.0	116.66667							1983-12-07	7	12	1983	3183729	7370452	PRESERVED_SPECIMEN		Botany	L.3927749	Beaman, JH; et al. 7696			CC0_1_0	Naturalis Biodiversity Center	Beaman JH; et al.			2024-11-01T10:27:35.590Z	StillImage	
2516950868	15f819bd-6612-4447-854b-14d12ee1022d	https://data.biodiversitydata.nl/naturalis/specimen/L.4148561	Plantae	Tracheophyta	Magnoliopsida	Myrtales	Myrtaceae	Syzygium	Syzygium grande		SPECIES	Syzygium grande (Wight) N.P.Balakr.	Syzygium grande (Wight) Walp. var. grande		TH	Province Nakhon Ratchasima, District Pak Chong, Khao Yai National Park, Mo Singto area.	Central	PRESENT		396d5f30-dea9-11db-8ab4-b8a03c50a862	14.43333	101.36667							2003-01-25	25	1	2003	7370452	7370452	PRESERVED_SPECIMEN		Botany	L.4148561	Boonkongchart, A 196			CC0_1_0	Naturalis Biodiversity Center	Boonkongchart A			2024-11-01T10:29:30.777Z	StillImage	TAXON_MATCH_HIGHERRANK
2516855737	15f819bd-6612-4447-854b-14d12ee1022d	https://data.biodiversitydata.nl/naturalis/specimen/L.3925668	Plantae	Tracheophyta	Magnoliopsida	Myrtales	Myrtaceae	Syzygium	Syzygium grande		SPECIES	Eugenia grandis Wight	Eugenia grandis Wight var. grandis		LA	Laos, Province: Champasak, District: Khong, Khong island, northern part, Hoa Khong area; Mekong River.	Champasak	PRESENT		396d5f30-dea9-11db-8ab4-b8a03c50a862	14.15	105.81667							1998-01-30	30	1	1998	5419225	7370452	PRESERVED_SPECIMEN		Botany	L.3925668	Maxwell, JF 98- 57			CC0_1_0	Naturalis Biodiversity Center	Maxwell JF			2024-11-01T10:27:33.267Z	StillImage	TAXON_MATCH_HIGHERRANK
2516817137	15f819bd-6612-4447-854b-14d12ee1022d	https://data.biodiversitydata.nl/naturalis/specimen/L.4148252	Plantae	Tracheophyta	Magnoliopsida	Myrtales	Myrtaceae	Syzygium	Syzygium grande		SPECIES	Eugenia grandis Wight	Eugenia grandis Wight var. grandis		KH	Cambodia, Province: Kratie, District: Sambour, Mekong River; Narong Island, centre-east side, inland.	Kratie	PRESENT		396d5f30-dea9-11db-8ab4-b8a03c50a862	13.16269	106.0452							2007-03-17	17	3	2007	5419225	7370452	PRESERVED_SPECIMEN		Botany	L.4148252	Maxwell, JF 07- 108			CC0_1_0	Naturalis Biodiversity Center	Maxwell JF			2024-11-01T10:27:38.921Z	StillImage	TAXON_MATCH_HIGHERRANK
2516792186	15f819bd-6612-4447-854b-14d12ee1022d	https://data.biodiversitydata.nl/naturalis/specimen/L.4148562	Plantae	Tracheophyta	Magnoliopsida	Myrtales	Myrtaceae	Syzygium	Syzygium grande		SPECIES	Syzygium grande (Wight) N.P.Balakr.	Syzygium grande (Wight) Walp. var. grande		TH	Province Nakhon Ratchasima, District Pak Chong, Khao Yai National Park, Mo Singto area.	Central	PRESENT		396d5f30-dea9-11db-8ab4-b8a03c50a862	14.43333	101.36667							2003-01-25	25	1	2003	7370452	7370452	PRESERVED_SPECIMEN		Botany	L.4148562	Boonkongchart, A 196			CC0_1_0	Naturalis Biodiversity Center	Boonkongchart A			2024-11-01T10:27:38.926Z	StillImage	TAXON_MATCH_HIGHERRANK
2516472941	15f819bd-6612-4447-854b-14d12ee1022d	https://data.biodiversitydata.nl/naturalis/specimen/L.2530384	Plantae	Tracheophyta	Magnoliopsida	Myrtales	Myrtaceae	Syzygium	Syzygium grande		SPECIES	Syzygium grande (Wight) Walp.	Syzygium grande (Wight) Walp.	(Wight) Walp.	TH	Thailand, Kok Kraduuk Muu, Marathiwat.	Peninsular	PRESENT		396d5f30-dea9-11db-8ab4-b8a03c50a862	6.32731	101.93							1988-02-21	21	2	1988	3183729	7370452	PRESERVED_SPECIMEN		Botany	L.2530384	Niyomdham, C 1736			CC0_1_0	Naturalis Biodiversity Center	Niyomdham C			2024-11-01T10:27:11.531Z	StillImage	
2516469949	15f819bd-6612-4447-854b-14d12ee1022d	https://data.biodiversitydata.nl/naturalis/specimen/L.2530317	Plantae	Tracheophyta	Magnoliopsida	Myrtales	Myrtaceae	Syzygium	Syzygium grande		SPECIES	Syzygium grande (Wight) Walp.	Syzygium grande (Wight) Walp.	(Wight) Walp.	MY	Marudi F.R., Sarawak, 4th Div.	Borneo	PRESENT		396d5f30-dea9-11db-8ab4-b8a03c50a862	4.2	114.31667							1966-02-05	5	2	1966	3183729	7370452	PRESERVED_SPECIMEN		Botany	L.2530317	Chew, W-L 965	Unknown		CC0_1_0	Naturalis Biodiversity Center	Chew W-L			2024-11-01T10:27:14.427Z	StillImage	
2516454931	15f819bd-6612-4447-854b-14d12ee1022d	https://data.biodiversitydata.nl/naturalis/specimen/L.2530349	Plantae	Tracheophyta	Magnoliopsida	Myrtales	Myrtaceae	Syzygium	Syzygium grande		SPECIES	Syzygium grande (Wight) Walp.	Syzygium grande (Wight) Walp.	(Wight) Walp.	SG	Nee Soon swamp forest, margins of a secondary forest.		PRESENT		396d5f30-dea9-11db-8ab4-b8a03c50a862	1.3667	103.8							1981-05-28	28	5	1981	3183729	7370452	PRESERVED_SPECIMEN		Botany	L.2530349	Maxwell, JF 81- 103			CC0_1_0	Naturalis Biodiversity Center	Maxwell JF			2024-11-01T10:28:42.808Z	StillImage	
2516454930	15f819bd-6612-4447-854b-14d12ee1022d	https://data.biodiversitydata.nl/naturalis/specimen/L.2530312	Plantae	Tracheophyta	Magnoliopsida	Myrtales	Myrtaceae	Syzygium	Syzygium grande		SPECIES	Syzygium grande (Wight) Walp.	Syzygium grande (Wight) Walp.	(Wight) Walp.	ID	S.E.Borneo; sub district Balikpapan, Sungai Wain.	Borneo	PRESENT		396d5f30-dea9-11db-8ab4-b8a03c50a862	-1.20555	116.81111							1950-10-16	16	10	1950	3183729	7370452	PRESERVED_SPECIMEN		Botany	L.2530312	Achmat bb 34414	Unknown		CC0_1_0	Naturalis Biodiversity Center	Achmat			2024-11-01T10:29:00.295Z	StillImage	
2516453947	15f819bd-6612-4447-854b-14d12ee1022d	https://data.biodiversitydata.nl/naturalis/specimen/L.2530313	Plantae	Tracheophyta	Magnoliopsida	Myrtales	Myrtaceae	Syzygium	Syzygium grande		SPECIES	Syzygium grande (Wight) Walp.	Syzygium grande (Wight) Walp.	(Wight) Walp.	ID	S.E.Borneo; sub district Balikpapan, Sungai Wain.	Borneo	PRESENT		396d5f30-dea9-11db-8ab4-b8a03c50a862	-1.20555	116.81111							1950-09-02	2	9	1950	3183729	7370452	PRESERVED_SPECIMEN		Botany	L.2530313	Achmat bb 34288	Unknown		CC0_1_0	Naturalis Biodiversity Center	Achmat			2024-11-01T10:27:14.427Z	StillImage	
2516450933	15f819bd-6612-4447-854b-14d12ee1022d	https://data.biodiversitydata.nl/naturalis/specimen/L.2530380	Plantae	Tracheophyta	Magnoliopsida	Myrtales	Myrtaceae	Syzygium	Syzygium grande		SPECIES	Syzygium grande (Wight) Walp.	Syzygium grande (Wight) Walp.	(Wight) Walp.	TH	Thailand, Peninsular: Narathiwat, Waeng.	Peninsular	PRESENT		396d5f30-dea9-11db-8ab4-b8a03c50a862	5.83333	101.83333							1966-08-25	25	8	1966	3183729	7370452	PRESERVED_SPECIMEN		Botany	L.2530380	Sangkhachand, B; Nimanong, B 1267			CC0_1_0	Naturalis Biodiversity Center	Sangkhachand B; Nimanong B			2024-11-01T10:27:11.530Z	StillImage	
2516446922	15f819bd-6612-4447-854b-14d12ee1022d	https://data.biodiversitydata.nl/naturalis/specimen/L.2530255	Plantae	Tracheophyta	Magnoliopsida	Myrtales	Myrtaceae	Syzygium	Syzygium grande		SPECIES	Syzygium grande (Wight) N.P.Balakr.	Syzygium grande (Wight) Walp. var. grande		TH	Peninsular Thailand, Province: Pangnga, Krabi.	Peninsular	PRESENT		396d5f30-dea9-11db-8ab4-b8a03c50a862	8.41667	98.5							1973-05-08	8	5	1973	7370452	7370452	PRESERVED_SPECIMEN		Botany	L.2530255	Geesink, R; Santisuk, T 5268			CC0_1_0	Naturalis Biodiversity Center	Geesink R; Santisuk T			2024-11-01T10:28:42.806Z	StillImage	TAXON_MATCH_HIGHERRANK
2516440920	15f819bd-6612-4447-854b-14d12ee1022d	https://data.biodiversitydata.nl/naturalis/specimen/L.2531012	Plantae	Tracheophyta	Magnoliopsida	Myrtales	Myrtaceae	Syzygium	Syzygium grande		SPECIES	Syzygium megalophyllum Merr. & L.M.Perry	Syzygium megalophyllum Merr. & L.M.Perry	Merr. & L.M.Perry	MY	Baram, Sarawak.	Borneo	PRESENT		396d5f30-dea9-11db-8ab4-b8a03c50a862	4.58333	113.98333							1895-03-01/1895-03-31		3	1895	3183739	7370452	PRESERVED_SPECIMEN		Botany	L.2531012	Hose, C 103	Steenis CGGJ van	1965-02-01T00:00:00	CC0_1_0	Naturalis Biodiversity Center	Hose C			2024-11-01T10:28:42.997Z	StillImage	
2516322839	15f819bd-6612-4447-854b-14d12ee1022d	https://data.biodiversitydata.nl/naturalis/specimen/L.2530350	Plantae	Tracheophyta	Magnoliopsida	Myrtales	Myrtaceae	Syzygium	Syzygium grande		SPECIES	Syzygium grande (Wight) Walp.	Syzygium grande (Wight) Walp.	(Wight) Walp.	SG	Nee Soon swamp forest, margins of a secondary forest.		PRESENT		396d5f30-dea9-11db-8ab4-b8a03c50a862	1.3667	103.8							1981-05-28	28	5	1981	3183729	7370452	PRESERVED_SPECIMEN		Botany	L.2530350	Maxwell, JF 81- 103			CC0_1_0	Naturalis Biodiversity Center	Maxwell JF			2024-11-01T10:27:12.487Z	StillImage	
2516298749	15f819bd-6612-4447-854b-14d12ee1022d	https://data.biodiversitydata.nl/naturalis/specimen/L.2530339	Plantae	Tracheophyta	Magnoliopsida	Myrtales	Myrtaceae	Syzygium	Syzygium grande		SPECIES	Syzygium grande (Wight) Walp.	Syzygium grande (Wight) Walp.	(Wight) Walp.	SG	Singapore. Along the road next to the Univ. of Singapore.		PRESENT		396d5f30-dea9-11db-8ab4-b8a03c50a862	1.3667	103.8							1977-03-31	31	3	1977	3183729	7370452	PRESERVED_SPECIMEN		Botany	L.2530339	Maxwell, JF 77- 170			CC0_1_0	Naturalis Biodiversity Center	Maxwell JF			2024-11-01T10:27:10.333Z	StillImage	
2516295733	15f819bd-6612-4447-854b-14d12ee1022d	https://data.biodiversitydata.nl/naturalis/specimen/L.2530308	Plantae	Tracheophyta	Magnoliopsida	Myrtales	Myrtaceae	Syzygium	Syzygium grande		SPECIES	Syzygium grande (Wight) Walp.	Syzygium grande (Wight) Walp.	(Wight) Walp.	ID	S.E.Borneo; sub district Balikpapan, Sungai Wain.	Borneo	PRESENT		396d5f30-dea9-11db-8ab4-b8a03c50a862	-1.20555	116.81111							1950-10-15	15	10	1950	3183729	7370452	PRESERVED_SPECIMEN		Botany	L.2530308	Achmat bb 34404	Unknown		CC0_1_0	Naturalis Biodiversity Center	Achmat			2024-11-01T10:29:00.441Z	StillImage	
2516213828	15f819bd-6612-4447-854b-14d12ee1022d	https://data.biodiversitydata.nl/naturalis/specimen/L.2530309	Plantae	Tracheophyta	Magnoliopsida	Myrtales	Myrtaceae	Syzygium	Syzygium grande		SPECIES	Syzygium grande (Wight) Walp.	Syzygium grande (Wight) Walp.	(Wight) Walp.	ID	S.E.Borneo; sub district Balikpapan, Sungai Wain.	Borneo	PRESENT		396d5f30-dea9-11db-8ab4-b8a03c50a862	-1.20555	116.81111							1950-10-11	11	10	1950	3183729	7370452	PRESERVED_SPECIMEN		Botany	L.2530309	Achmat bb 34372	Unknown		CC0_1_0	Naturalis Biodiversity Center	Achmat			2024-11-01T10:27:13.382Z	StillImage	
2515280483	15f819bd-6612-4447-854b-14d12ee1022d	https://data.biodiversitydata.nl/naturalis/specimen/L.4148394	Plantae	Tracheophyta	Magnoliopsida	Myrtales	Myrtaceae	Syzygium	Syzygium grande		SPECIES	Syzygium grande (Wight) Walp.	Syzygium grande (Wight) Walp.	(Wight) Walp.	TH	Thailand, PEN64, Ranong, Laem Son National Park.	Peninsular	PRESENT		396d5f30-dea9-11db-8ab4-b8a03c50a862	9.60193	98.4925							2002-01-28	28	1	2002	3183729	7370452	PRESERVED_SPECIMEN		Botany	L.4148394	Parnell, JAN; Chayamarit, K; Pooma, R; Simpson, DA; Suddee, S; Wilde, B de 1869			CC0_1_0	Naturalis Biodiversity Center	Parnell JAN; Chayamarit K; Pooma R; Simpson DA; Suddee S; Wilde B de			2024-11-01T10:27:34.828Z	StillImage	
2515275468	15f819bd-6612-4447-854b-14d12ee1022d	https://data.biodiversitydata.nl/naturalis/specimen/L.4148253	Plantae	Tracheophyta	Magnoliopsida	Myrtales	Myrtaceae	Syzygium	Syzygium grande		SPECIES	Eugenia grandis Wight	Eugenia grandis Wight var. grandis		KH	Cambodia, Province: Kratie, District: Sambour, Mekong River; Narong Island, centre-east side, inland.	Kratie	PRESENT		396d5f30-dea9-11db-8ab4-b8a03c50a862	13.16269	106.0452							2007-03-17	17	3	2007	5419225	7370452	PRESERVED_SPECIMEN		Botany	L.4148253	Maxwell, JF 07- 108			CC0_1_0	Naturalis Biodiversity Center	Maxwell JF			2024-11-01T10:27:36.212Z	StillImage	TAXON_MATCH_HIGHERRANK
2515172492	15f819bd-6612-4447-854b-14d12ee1022d	https://data.biodiversitydata.nl/naturalis/specimen/L.3927716	Plantae	Tracheophyta	Magnoliopsida	Myrtales	Myrtaceae	Syzygium	Syzygium grande		SPECIES	Syzygium megalophyllum Merr. & L.M.Perry	Syzygium megalophyllum Merr. & L.M.Perry	Merr. & L.M.Perry	BN	Belait, Bukit Sawat, Merangking Buau.		PRESENT		396d5f30-dea9-11db-8ab4-b8a03c50a862	4.53333	114.58333							1993-04-05	5	4	1993	3183739	7370452	PRESERVED_SPECIMEN		Botany	L.3927716	Coode, MJE; et al. 7665			CC0_1_0	Naturalis Biodiversity Center	Coode MJE; et al.			2024-11-01T10:28:54.685Z	StillImage	
2515167835	15f819bd-6612-4447-854b-14d12ee1022d	https://data.biodiversitydata.nl/naturalis/specimen/L.4149929	Plantae	Tracheophyta	Magnoliopsida	Myrtales	Myrtaceae	Syzygium	Syzygium grande		SPECIES	Eugenia grandis Wight	Eugenia grandis Wight var. grandis		TH	Thailand, Province: Nakhon Nayok, District: Muang, Mo Singto area, Khao Yai National Park.	Central	PRESENT		396d5f30-dea9-11db-8ab4-b8a03c50a862	14.43333	101.36667							1999-02-19	19	2	1999	5419225	7370452	PRESERVED_SPECIMEN		Botany	L.4149929	Charoenchai, P 743			CC0_1_0	Naturalis Biodiversity Center	Charoenchai P			2024-11-01T10:27:35.794Z	StillImage	TAXON_MATCH_HIGHERRANK
2515167808	15f819bd-6612-4447-854b-14d12ee1022d	https://data.biodiversitydata.nl/naturalis/specimen/L.4148384	Plantae	Tracheophyta	Magnoliopsida	Myrtales	Myrtaceae	Syzygium	Syzygium grande		SPECIES	Eugenia grandis Wight	Eugenia grandis Wight var. grandis		TH	Central Thailand, Province: Nakhon Nayok, District: Muang, Khao Yai National Park, Mo Singto area.	Central	PRESENT		396d5f30-dea9-11db-8ab4-b8a03c50a862	14.43333	101.36667							2002-09-21	21	9	2002	5419225	7370452	PRESERVED_SPECIMEN		Botany	L.4148384	Chongko, S 158			CC0_1_0	Naturalis Biodiversity Center	Chongko S			2024-11-01T10:27:35.764Z	StillImage	TAXON_MATCH_HIGHERRANK
2515155516	15f819bd-6612-4447-854b-14d12ee1022d	https://data.biodiversitydata.nl/naturalis/specimen/L.4149798	Plantae	Tracheophyta	Magnoliopsida	Myrtales	Myrtaceae	Syzygium	Syzygium grande		SPECIES	Eugenia laosensis Gagnep.	Eugenia laosensis Gagnep. var. laosensis		KH	Cambodia, Province: Rattanakiri, District: Lom Pat, c. 2 km south of Phum Samut Kram village.	Ratanakiri	PRESENT		396d5f30-dea9-11db-8ab4-b8a03c50a862	13.72	106.90528							2001-03-27	27	3	2001	5419224	7370452	PRESERVED_SPECIMEN		Botany	L.4149798	Maxwell, JF 01- 242			CC0_1_0	Naturalis Biodiversity Center	Maxwell JF			2024-11-01T10:27:35.640Z	StillImage	TAXON_MATCH_HIGHERRANK
2515128766	15f819bd-6612-4447-854b-14d12ee1022d	https://data.biodiversitydata.nl/naturalis/specimen/L.3919390	Plantae	Tracheophyta	Magnoliopsida	Myrtales	Myrtaceae	Syzygium	Syzygium grande		SPECIES	Syzygium grande (Wight) Walp.	Syzygium grande (Wight) Walp.	(Wight) Walp.	MY	Plants of Borneo. Malaysia. Sabah. Ranau District: Mamut Copper Mine, ridge above quarry at guard house on road from Lohan. Low stature forest.		PRESENT		396d5f30-dea9-11db-8ab4-b8a03c50a862	6.03333	116.66667							1984-06-28	28	6	1984	3183729	7370452	PRESERVED_SPECIMEN		Botany	L.3919390	Beaman, JH; Beaman, RS; Sutton, BC 10342			CC0_1_0	Naturalis Biodiversity Center	Beaman JH; Beaman RS; Sutton BC			2024-11-01T10:27:32.465Z	StillImage	
2514455055	15f819bd-6612-4447-854b-14d12ee1022d	https://data.biodiversitydata.nl/naturalis/specimen/L.2530377	Plantae	Tracheophyta	Magnoliopsida	Myrtales	Myrtaceae	Syzygium	Syzygium grande		SPECIES	Syzygium grande (Wight) Walp.	Syzygium grande (Wight) Walp.	(Wight) Walp.	TH	Siam: Puket, Ranawng, Kaw Chang.	Peninsular	PRESENT		396d5f30-dea9-11db-8ab4-b8a03c50a862	9.83333	98.43333							1929-01-10	10	1	1929	3183729	7370452	PRESERVED_SPECIMEN		Botany	L.2530377	Kerr, AFG 16604			CC0_1_0	Naturalis Biodiversity Center	Kerr AFG			2024-11-01T10:28:43.192Z	StillImage	
2514455054	15f819bd-6612-4447-854b-14d12ee1022d	https://data.biodiversitydata.nl/naturalis/specimen/L.2530340	Plantae	Tracheophyta	Magnoliopsida	Myrtales	Myrtaceae	Syzygium	Syzygium grande		SPECIES	Syzygium grande (Wight) Walp.	Syzygium grande (Wight) Walp.	(Wight) Walp.	IN		West Bengal	PRESENT		396d5f30-dea9-11db-8ab4-b8a03c50a862	22.53333	88.36667							1976-01-01/1976-12-31			1976	3183729	7370452	PRESERVED_SPECIMEN		Botany	L.2530340	Wallich, N 3603			CC0_1_0	Naturalis Biodiversity Center	Wallich N			2024-11-01T10:29:00.441Z	StillImage	
2514455053	15f819bd-6612-4447-854b-14d12ee1022d	https://data.biodiversitydata.nl/naturalis/specimen/L.2530256	Plantae	Tracheophyta	Magnoliopsida	Myrtales	Myrtaceae	Syzygium	Syzygium grande		SPECIES	Syzygium grande (Wight) N.P.Balakr.	Syzygium grande (Wight) Walp. var. grande		TH	Thailand, Peninsular: Narathiwat, Waeng.	Peninsular	PRESENT		396d5f30-dea9-11db-8ab4-b8a03c50a862	5.83333	101.83333							1966-09-06	6	9	1966	7370452	7370452	PRESERVED_SPECIMEN		Botany	L.2530256	Sangkhachand, B; Nimanong, B 1316			CC0_1_0	Naturalis Biodiversity Center	Sangkhachand B; Nimanong B			2024-11-01T10:27:11.528Z	StillImage	TAXON_MATCH_HIGHERRANK
2514451038	15f819bd-6612-4447-854b-14d12ee1022d	https://data.biodiversitydata.nl/naturalis/specimen/L.2530311	Plantae	Tracheophyta	Magnoliopsida	Myrtales	Myrtaceae	Syzygium	Syzygium grande		SPECIES	Syzygium grande (Wight) Walp.	Syzygium grande (Wight) Walp.	(Wight) Walp.	ID	S.E.Borneo; sub district Balikpapan, Sungai Wain.	Borneo	PRESENT		396d5f30-dea9-11db-8ab4-b8a03c50a862	-1.20555	116.81111							1950-10-11	11	10	1950	3183729	7370452	PRESERVED_SPECIMEN		Botany	L.2530311	Achmat bb 34371	Unknown		CC0_1_0	Naturalis Biodiversity Center	Achmat			2024-11-01T10:27:14.427Z	StillImage	
2514450027	15f819bd-6612-4447-854b-14d12ee1022d	https://data.biodiversitydata.nl/naturalis/specimen/L.2531010	Plantae	Tracheophyta	Magnoliopsida	Myrtales	Myrtaceae	Syzygium	Syzygium grande		SPECIES	Syzygium megalophyllum Merr. & L.M.Perry	Syzygium megalophyllum Merr. & L.M.Perry	Merr. & L.M.Perry	BN	Wong Kadir, Labi, Belait, Brunei.	Borneo	PRESENT		396d5f30-dea9-11db-8ab4-b8a03c50a862	4.35	114.63333							1993-03-19	19	3	1993	3183739	7370452	PRESERVED_SPECIMEN		Botany	L.2531010	Coode, MJE; Ferguson, IK; et al. 7228	Unknown		CC0_1_0	Naturalis Biodiversity Center	Coode MJE; Ferguson IK; et al.			2024-11-01T10:28:42.996Z	StillImage	
2514450017	15f819bd-6612-4447-854b-14d12ee1022d	https://data.biodiversitydata.nl/naturalis/specimen/L.2530383	Plantae	Tracheophyta	Magnoliopsida	Myrtales	Myrtaceae	Syzygium	Syzygium grande		SPECIES	Syzygium grande (Wight) Walp.	Syzygium grande (Wight) Walp.	(Wight) Walp.	TH	Thailand, Kok Mairuea, Narathiwat.	Peninsular	PRESENT		396d5f30-dea9-11db-8ab4-b8a03c50a862	6.26667	102.05							1986-04-25	25	4	1986	3183729	7370452	PRESERVED_SPECIMEN		Botany	L.2530383	Niyomdham, C; et al. 1222			CC0_1_0	Naturalis Biodiversity Center	Niyomdham C; et al.			2024-11-01T10:28:42.808Z	StillImage	
2514445043	15f819bd-6612-4447-854b-14d12ee1022d	https://data.biodiversitydata.nl/naturalis/specimen/L.2530314	Plantae	Tracheophyta	Magnoliopsida	Myrtales	Myrtaceae	Syzygium	Syzygium grande		SPECIES	Syzygium grande (Wight) Walp.	Syzygium grande (Wight) Walp.	(Wight) Walp.	ID	S.E.Borneo; sub district Balikpapan, Sungai Wain.	Borneo	PRESENT		396d5f30-dea9-11db-8ab4-b8a03c50a862	-1.20555	116.81111							1950-10-04	4	10	1950	3183729	7370452	PRESERVED_SPECIMEN		Botany	L.2530314	Achmat bb 34343	Unknown		CC0_1_0	Naturalis Biodiversity Center	Achmat			2024-11-01T10:29:00.295Z	StillImage	
2514443009	15f819bd-6612-4447-854b-14d12ee1022d	https://data.biodiversitydata.nl/naturalis/specimen/L.2530257	Plantae	Tracheophyta	Magnoliopsida	Myrtales	Myrtaceae	Syzygium	Syzygium grande		SPECIES	Syzygium grande (Wight) N.P.Balakr.	Syzygium grande (Wight) Walp. var. grande		TH	Thailand, Peninsular: Phuket, Phuket airport.	Peninsular	PRESENT		396d5f30-dea9-11db-8ab4-b8a03c50a862	8.11667	98.3							1966-02-05	5	2	1966	7370452	7370452	PRESERVED_SPECIMEN		Botany	L.2530257	Hansen, B; Smitinand, T 12174			CC0_1_0	Naturalis Biodiversity Center	Hansen B; Smitinand T			2024-11-01T10:28:42.806Z	StillImage	TAXON_MATCH_HIGHERRANK
2514429060	15f819bd-6612-4447-854b-14d12ee1022d	https://data.biodiversitydata.nl/naturalis/specimen/L.2530378	Plantae	Tracheophyta	Magnoliopsida	Myrtales	Myrtaceae	Syzygium	Syzygium grande		SPECIES	Syzygium grande (Wight) Walp.	Syzygium grande (Wight) Walp.	(Wight) Walp.	TH	Thailand, Peninsular: Satun, Thung Nui.	Peninsular	PRESENT		396d5f30-dea9-11db-8ab4-b8a03c50a862	6.8833	100.1333							1961-02-23	23	2	1961	3183729	7370452	PRESERVED_SPECIMEN		Botany	L.2530378	Suvarnakoset, P 1631			CC0_1_0	Naturalis Biodiversity Center	Suvarnakoset P			2024-11-01T10:27:11.837Z	StillImage	
2514426087	15f819bd-6612-4447-854b-14d12ee1022d	https://data.biodiversitydata.nl/naturalis/specimen/L.2530307	Plantae	Tracheophyta	Magnoliopsida	Myrtales	Myrtaceae	Syzygium	Syzygium grande		SPECIES	Syzygium grande (Wight) Walp.	Syzygium grande (Wight) Walp.	(Wight) Walp.	MY	Balambangan island.	Borneo	PRESENT		396d5f30-dea9-11db-8ab4-b8a03c50a862	7.28333	116.91667							1927-09-12	12	9	1927	3183729	7370452	PRESERVED_SPECIMEN		Botany	L.2530307	Kloss, CB SFN 19284	Unknown		CC0_1_0	Naturalis Biodiversity Center	Kloss CB			2024-11-01T10:27:13.382Z	StillImage	
2514409083	15f819bd-6612-4447-854b-14d12ee1022d	https://data.biodiversitydata.nl/naturalis/specimen/L.2530338	Plantae	Tracheophyta	Magnoliopsida	Myrtales	Myrtaceae	Syzygium	Syzygium grande		SPECIES	Syzygium grande (Wight) Walp.	Syzygium grande (Wight) Walp.	(Wight) Walp.	SG	Univ. Singapore campus.		PRESENT		396d5f30-dea9-11db-8ab4-b8a03c50a862	1.3667	103.8							1976-12-29	29	12	1976	3183729	7370452	PRESERVED_SPECIMEN		Botany	L.2530338	Maxwell, JF 76- 830			CC0_1_0	Naturalis Biodiversity Center	Maxwell JF			2024-11-01T10:27:11.836Z	StillImage	
2514409082	15f819bd-6612-4447-854b-14d12ee1022d	https://data.biodiversitydata.nl/naturalis/specimen/L.2530316	Plantae	Tracheophyta	Magnoliopsida	Myrtales	Myrtaceae	Syzygium	Syzygium grande		SPECIES	Syzygium grande (Wight) Walp.	Syzygium grande (Wight) Walp.	(Wight) Walp.	MY	Lambir Proposed N.P, Miri.	Borneo	PRESENT		396d5f30-dea9-11db-8ab4-b8a03c50a862	4.2	113.98333							1966-03-02	2	3	1966	3183729	7370452	PRESERVED_SPECIMEN		Botany	L.2530316	Morshidi, A S 24073	Unknown		CC0_1_0	Naturalis Biodiversity Center	Morshidi A			2024-11-01T10:29:00.295Z	StillImage	
2514393056	15f819bd-6612-4447-854b-14d12ee1022d	https://data.biodiversitydata.nl/naturalis/specimen/L.2530315	Plantae	Tracheophyta	Magnoliopsida	Myrtales	Myrtaceae	Syzygium	Syzygium grande		SPECIES	Syzygium grande (Wight) Walp.	Syzygium grande (Wight) Walp.	(Wight) Walp.	MY	Bukit Ampuan, Ranau.	Borneo	PRESENT		396d5f30-dea9-11db-8ab4-b8a03c50a862	5.98333	116.65							1961-05-23	23	5	1961	3183729	7370452	PRESERVED_SPECIMEN		Botany	L.2530315	Brand, D; Mujin, MA SAN 25333	Beaman JH	2002-07-01T00:00:00	CC0_1_0	Naturalis Biodiversity Center	Brand D; Mujin MA			2024-11-01T10:27:14.427Z	StillImage	
2514390051	15f819bd-6612-4447-854b-14d12ee1022d	https://data.biodiversitydata.nl/naturalis/specimen/L.2531011	Plantae	Tracheophyta	Magnoliopsida	Myrtales	Myrtaceae	Syzygium	Syzygium grande		SPECIES	Syzygium megalophyllum Merr. & L.M.Perry	Syzygium megalophyllum Merr. & L.M.Perry	Merr. & L.M.Perry	BN	Badas F.R., Seria, Belait, Brunei.	Borneo	PRESENT		396d5f30-dea9-11db-8ab4-b8a03c50a862	4.66667	114.41667							1993-04-04	4	4	1993	3183739	7370452	PRESERVED_SPECIMEN		Botany	L.2531011	Coode, MJE; Ferguson, IK; et al. 7653	Unknown		CC0_1_0	Naturalis Biodiversity Center	Coode MJE; Ferguson IK; et al.			2024-11-01T10:27:15.297Z	StillImage	
2514349042	15f819bd-6612-4447-854b-14d12ee1022d	https://data.biodiversitydata.nl/naturalis/specimen/L.2530379	Plantae	Tracheophyta	Magnoliopsida	Myrtales	Myrtaceae	Syzygium	Syzygium grande		SPECIES	Syzygium grande (Wight) Walp.	Syzygium grande (Wight) Walp.	(Wight) Walp.	TH	Siam, Songkla, Tepa.	Peninsular	PRESENT		396d5f30-dea9-11db-8ab4-b8a03c50a862	6.85431	100.95494							1928-03-28	28	3	1928	3183729	7370452	PRESERVED_SPECIMEN		Botany	L.2530379	Kerr, AFG 14726			CC0_1_0	Naturalis Biodiversity Center	Kerr AFG			2024-11-01T10:28:43.192Z	StillImage	
2514333095	15f819bd-6612-4447-854b-14d12ee1022d	https://data.biodiversitydata.nl/naturalis/specimen/L.2530337	Plantae	Tracheophyta	Magnoliopsida	Myrtales	Myrtaceae	Syzygium	Syzygium grande		SPECIES	Syzygium grande (Wight) Walp.	Syzygium grande (Wight) Walp.	(Wight) Walp.	SG	Singapore. Along the road next to the Univ. of Singapore.		PRESENT		396d5f30-dea9-11db-8ab4-b8a03c50a862	1.3667	103.8							1977-03-31	31	3	1977	3183729	7370452	PRESERVED_SPECIMEN		Botany	L.2530337	Maxwell, JF 77- 170			CC0_1_0	Naturalis Biodiversity Center	Maxwell JF			2024-11-01T10:27:10.332Z	StillImage	
2513241441	15f819bd-6612-4447-854b-14d12ee1022d	https://data.biodiversitydata.nl/naturalis/specimen/L%20%200535111	Plantae	Tracheophyta	Magnoliopsida	Myrtales	Myrtaceae	Syzygium	Syzygium grande		SPECIES	Eugenia grandis Wight	Eugenia grandis Wight	Wight	MY	Fraser's Hill		PRESENT		396d5f30-dea9-11db-8ab4-b8a03c50a862	3.71667	101.75							1969-02-12	12	2	1969	5419225	7370452	PRESERVED_SPECIMEN		Botany	L  0535111	Kochummen, KM KEP FRI 2641			CC0_1_0	Naturalis Biodiversity Center	Kochummen KM			2024-11-01T10:28:07.579Z		
2330509621	6ac3f774-d9fb-4796-b3e9-92bf6c81c084		Plantae	Tracheophyta	Magnoliopsida	Myrtales	Myrtaceae	Syzygium	Syzygium grande		SPECIES	Syzygium grande (Wight) N.P.Balakr.	Syzygium grande		SG	Gardens by the Bay, Singapur		PRESENT		bb646dff-a905-4403-a49b-6d378c2cf0d9	1.281611	103.865463	250.0						2016-03-17T00:00	17	3	2016	7370452	7370452	HUMAN_OBSERVATION	naturgucker	naturgucker	-1001703127				CC_BY_4_0		531632058			2024-03-15T23:27:13.782Z		COORDINATE_ROUNDED;GEODETIC_DATUM_ASSUMED_WGS84;CONTINENT_DERIVED_FROM_COORDINATES;MULTIMEDIA_URI_INVALID
2236056918	821cc27a-e3bb-4bc5-ac34-89ada245069d	http://n2t.net/ark:/65665/3b3ccf9bb-1421-4fe9-a8aa-528b2dda3bdf	Plantae	Tracheophyta	Magnoliopsida	Myrtales	Myrtaceae	Syzygium	Syzygium grande		SPECIES	Syzygium grande (Wight) Walp.	Syzygium grande	(Wight) Walp.	MY	Borneo. Malaysia. Sabah. Ranau District: Mamut Copper Mine, ridge above quarry at guard house on road from Lohan.	Sabah	PRESENT	1	bc092ff0-02e4-11dc-991f-b8a03c50a862	6.03	116.67			1400.0	50.0			1984-06-28	28	6	1984	3183729	7370452	PRESERVED_SPECIMEN	US	US	US 3532509	10342			CC0_1_0		J. H. Beaman, R. S. Beaman & B. Sutton			2024-11-02T12:37:27.238Z	StillImage	GEODETIC_DATUM_ASSUMED_WGS84;OCCURRENCE_STATUS_INFERRED_FROM_INDIVIDUAL_COUNT
1946168811	1a9d08bb-9e2c-4540-8f7f-3205846b6ddc	http://arctos.database.museum/guid/UTEP:Herb:39012?seid=4177609	Plantae	Tracheophyta	Magnoliopsida	Myrtales	Myrtaceae	Syzygium	Syzygium grande		SPECIES	Eugenia grandis Wight	Eugenia grandis		MY	Shah Alam, Petaling District	Selangor	PRESENT		52c8f620-1816-11da-9544-b8a03c50a862	3.083333	101.5			50.0	0.0			1987-11-29	29	11	1987	5419225	7370452	PRESERVED_SPECIMEN	UTEP	Herb	UTEP:Herb:39012	13549	Richard D. Worthington	1987-11-29T00:00:00	CC0_1_0		Collector(s): Richard D. Worthington			2024-11-02T03:04:23.265Z		COORDINATE_ROUNDED;GEODETIC_DATUM_INVALID;GEODETIC_DATUM_ASSUMED_WGS84;CONTINENT_DERIVED_FROM_COORDINATES;INSTITUTION_MATCH_FUZZY;COLLECTION_MATCH_FUZZY
1929318550	d415c253-4d61-4459-9d25-4015b9084fb0	6db977d0-a40f-4395-b6b9-8d74e3813939	Plantae	Tracheophyta	Magnoliopsida	Myrtales	Myrtaceae	Syzygium	Syzygium grande		SPECIES	Syzygium grande (Wight) Walp.	Syzygium grande (Wight) Walp.	(Wight) Walp.	US	Wahiawa Botanical Garden, 1396 California Ave, upper terrace	Hawaii	PRESENT		ae447c50-b8a8-11d8-92a4-b8a03c50a862	21.502867	-158.01835							1997-07-05	5	7	1997	3183729	7370452	PRESERVED_SPECIMEN	NY	NY	190444	3595	C. T. Imada	1997-01-01T00:00:00	CC0_1_0	The New York Botanical Garden	C. R. Annable			2024-10-25T05:58:27.814Z		GEODETIC_DATUM_ASSUMED_WGS84;MODIFIED_DATE_INVALID
1801082646	902c8fe7-8f38-45b0-854e-c324fed36303	MW0754077	Plantae	Tracheophyta	Magnoliopsida	Myrtales	Myrtaceae	Syzygium	Syzygium grande		SPECIES	Syzygium grande (Wight) N.P.Balakr.	Syzygium grande (Wight) N. P. Balakr.		VN			PRESENT		f5fc4e61-b7a0-414b-ab68-b41cb23e7fdc	14.208889	108.3175			900.0				2016-05-16	16	5	2016	7370452	7370452	PRESERVED_SPECIMEN	Moscow State University	MW	MW0754077	1500	Wuu Kuang Soh		CC_BY_4_0	Moscow State University	Nuraliev M. S.			2024-11-19T09:16:24.582Z	StillImage	COORDINATE_ROUNDED;CONTINENT_DERIVED_FROM_COORDINATES;INSTITUTION_MATCH_FUZZY;COLLECTION_MATCH_FUZZY
1801082633	902c8fe7-8f38-45b0-854e-c324fed36303	MW0754076	Plantae	Tracheophyta	Magnoliopsida	Myrtales	Myrtaceae	Syzygium	Syzygium grande		SPECIES	Syzygium grande (Wight) N.P.Balakr.	Syzygium grande (Wight) N. P. Balakr.		VN			PRESENT		f5fc4e61-b7a0-414b-ab68-b41cb23e7fdc	14.208889	108.3175			900.0				2016-05-16	16	5	2016	7370452	7370452	PRESERVED_SPECIMEN	Moscow State University	MW	MW0754076	1501	Wuu Kuang Soh		CC_BY_4_0	Moscow State University	Nuraliev M. S.			2024-11-19T09:16:24.610Z	StillImage	COORDINATE_ROUNDED;CONTINENT_DERIVED_FROM_COORDINATES;INSTITUTION_MATCH_FUZZY;COLLECTION_MATCH_FUZZY
1304895107	07044577-bd82-4089-9f3a-f4a9d2170b2e	cbe09caf-2364-44da-aa01-f05ac4ff4a93	Plantae	Tracheophyta	Magnoliopsida	Myrtales	Myrtaceae	Syzygium	Syzygium grande		SPECIES	Syzygium grande (Wight) N.P.Balakr.	Syzygium grande		SG			PRESENT		fee3882f-5360-4f01-a1ca-767c48fa629c	1.318889	103.851235											7370452	7370452	OCCURRENCE	USDA_NPGS		3401686	70785			CC_BY_4_0					2024-04-29T10:14:28.118Z		COORDINATE_ROUNDED;GEODETIC_DATUM_ASSUMED_WGS84;CONTINENT_DERIVED_FROM_COORDINATES
1304202897	07044577-bd82-4089-9f3a-f4a9d2170b2e	e5264d9c-616a-456f-bf13-b1894b32e3e4	Plantae	Tracheophyta	Magnoliopsida	Myrtales	Myrtaceae	Syzygium	Syzygium grande		SPECIES	Syzygium grande (Wight) N.P.Balakr.	Syzygium grande		US	Wahiawa Botanical Garden, 1396 California Ave, upper terrace	Hawaii	PRESENT		fee3882f-5360-4f01-a1ca-767c48fa629c	21.5	-158.02							1997-07-05	5	7	1997	7370452	7370452	OCCURRENCE	Bioversity		2649505				CC_BY_4_0		C. R. Annable			2024-04-29T10:15:20.386Z		GEODETIC_DATUM_ASSUMED_WGS84;CONTINENT_DERIVED_FROM_COORDINATES
1265895180	50c9509d-22c7-4a22-a47d-8c48425ef4a7	http://www.inaturalist.org/observations/3028448	Plantae	Tracheophyta	Magnoliopsida	Myrtales	Myrtaceae	Syzygium	Syzygium grande		SPECIES	Syzygium grande (Wight) N.P.Balakr.	Syzygium grande		SG		North-East	PRESENT		28eb1a3f-1c15-4a95-931a-4af90ecb574d	1.211419	103.827285	31447.0						2016-04-21T17:03:52	21	4	2016	7370452	7370452	HUMAN_OBSERVATION	iNaturalist	Observations	3028448		Esther J.	2016-04-25T15:00:24	CC_BY_NC_4_0	Esther J.	Esther J.			2024-11-19T01:58:14.256Z	StillImage	COORDINATE_ROUNDED;CONTINENT_DERIVED_FROM_COORDINATES;TAXON_MATCH_TAXON_ID_IGNORED
1096694076	0943f690-fde5-11dd-83f4-b8a03c50a862	S:VascularPlants:S09-31241	Plantae	Tracheophyta	Magnoliopsida	Myrtales	Myrtaceae	Syzygium	Syzygium grande		SPECIES	Syzygium grande (Wight) Walp.	Syzygium grande (Wight) Walp.	(Wight) Walp.	LK	Flora of Ceylon. Sabaragamuwa Prov., Ratnapura Distr., Sinharaja Forest, 9 miles SW into forest from Weddagala.	Ratnapura	PRESENT		6ba9a8cc-513a-4a51-bf93-6f5de8040a96	6.42	80.4			350.0	50.0			1977-02-23	23	2	1977	3183729	7370452	PRESERVED_SPECIMEN	S	VascularPlants	S09-31241	897			CC0_1_0		B. & K. Bremer			2024-01-24T22:59:13.184Z		GEODETIC_DATUM_ASSUMED_WGS84;AMBIGUOUS_COLLECTION
