gbifID	datasetKey	occurrenceID	kingdom	phylum	class	order	family	genus	species	infraspecificEpithet	taxonRank	scientificName	verbatimScientificName	verbatimScientificNameAuthorship	countryCode	locality	stateProvince	occurrenceStatus	individualCount	publishingOrgKey	decimalLatitude	decimalLongitude	coordinateUncertaintyInMeters	coordinatePrecision	elevation	elevationAccuracy	depth	depthAccuracy	eventDate	day	month	year	taxonKey	speciesKey	basisOfRecord	institutionCode	collectionCode	catalogNumber	recordNumber	identifiedBy	dateIdentified	license	rightsHolder	recordedBy	typeStatus	establishmentMeans	lastInterpreted	mediaType	issue
95074401	85312280-f762-11e1-a439-00145eb45e9a		Plantae	Tracheophyta	Magnoliopsida	Myrtales	Myrtaceae	Syzygium	Syzygium aromaticum		SPECIES	Syzygium aromaticum (L.) Merr. & L.M.Perry	Syzygium aromaticum		PG	CULTIVATEDL Lae Botanic Gardens, Lae Subprovince. B.G. No. [Botanic Garden number] 236 Section A.		PRESENT		c4254a00-cb2b-11d8-bf68-b8a03c50a862	-6.75	147.0			30.0				1982-01-28	28	1	1982	3183002	3183002	OCCURRENCE	CANB	PNGplants	CANB2172				CC_BY_4_0		Wiakabu J.			2024-11-16T08:58:24.399Z		GEODETIC_DATUM_ASSUMED_WGS84;CONTINENT_DERIVED_FROM_COORDINATES;BASIS_OF_RECORD_INVALID
95072401	85312280-f762-11e1-a439-00145eb45e9a		Plantae	Tracheophyta	Magnoliopsida	Myrtales	Myrtaceae	Syzygium	Syzygium aromaticum		SPECIES	Syzygium aromaticum (L.) Merr. & L.M.Perry	Syzygium aromaticum		PG	Lae Botanic Gardens	Morobe	PRESENT		c4254a00-cb2b-11d8-bf68-b8a03c50a862	-6.758333	147.008333			30.0				1982-01-28	28	1	1982	3183002	3183002	OCCURRENCE	BRI	PNGplants	77155				CC_BY_4_0		Wiakabu J.			2024-11-16T08:58:24.837Z		COORDINATE_ROUNDED;GEODETIC_DATUM_ASSUMED_WGS84;CONTINENT_DERIVED_FROM_COORDINATES;BASIS_OF_RECORD_INVALID
4954650491	50c9509d-22c7-4a22-a47d-8c48425ef4a7	https://www.inaturalist.org/observations/246963050	Plantae	Tracheophyta	Magnoliopsida	Myrtales	Myrtaceae	Syzygium	Syzygium aromaticum		SPECIES	Syzygium aromaticum (L.) Merr. & L.M.Perry	Syzygium aromaticum		ID		Bali	PRESENT		28eb1a3f-1c15-4a95-931a-4af90ecb574d	-8.475785	115.408676	8.0						2024-09-27T17:27	27	9	2024	3183002	3183002	HUMAN_OBSERVATION	iNaturalist	Observations	246963050		Eric Knight	2024-10-12T17:32:18	CC_BY_NC_4_0	Eric Knight	Eric Knight			2024-11-19T03:17:24.141Z	StillImage	COORDINATE_ROUNDED;CONTINENT_DERIVED_FROM_COORDINATES;TAXON_MATCH_TAXON_ID_IGNORED
4923903215	50c9509d-22c7-4a22-a47d-8c48425ef4a7	https://www.inaturalist.org/observations/234584455	Plantae	Tracheophyta	Magnoliopsida	Myrtales	Myrtaceae	Syzygium	Syzygium aromaticum		SPECIES	Syzygium aromaticum (L.) Merr. & L.M.Perry	Syzygium aromaticum		ID		Maluku Utara	PRESENT		28eb1a3f-1c15-4a95-931a-4af90ecb574d	0.813233	127.366731	2.0						2024-07-18	18	7	2024	3183002	3183002	HUMAN_OBSERVATION	iNaturalist	Observations	234584455		abcdefgewing	2024-08-08T21:03:25	CC_BY_NC_4_0	abcdefgewing	abcdefgewing			2024-11-19T02:32:25.923Z	StillImage	COORDINATE_ROUNDED;CONTINENT_DERIVED_FROM_COORDINATES;TAXON_MATCH_TAXON_ID_IGNORED
4528214164	50c9509d-22c7-4a22-a47d-8c48425ef4a7	https://www.inaturalist.org/observations/189733225	Plantae	Tracheophyta	Magnoliopsida	Myrtales	Myrtaceae	Syzygium	Syzygium aromaticum		SPECIES	Syzygium aromaticum (L.) Merr. & L.M.Perry	Syzygium aromaticum		ID		Maluku	PRESENT		28eb1a3f-1c15-4a95-931a-4af90ecb574d	-3.585675	128.310531	3000.0						2023-10-10T09:55	10	10	2023	3183002	3183002	HUMAN_OBSERVATION	iNaturalist	Observations	189733225		leithallb	2023-11-02T05:07:14	CC_BY_NC_4_0	leithallb	leithallb			2024-11-19T02:32:11.477Z	StillImage	COORDINATE_ROUNDED;CONTINENT_DERIVED_FROM_COORDINATES;TAXON_MATCH_TAXON_ID_IGNORED
4175215615	6ac3f774-d9fb-4796-b3e9-92bf6c81c084		Plantae	Tracheophyta	Magnoliopsida	Myrtales	Myrtaceae	Syzygium	Syzygium aromaticum		SPECIES	Syzygium aromaticum (L.) Merr. & L.M.Perry	Syzygium aromaticum		ID	BUKITTINGGI und Umgebung, Sumatra		PRESENT		bb646dff-a905-4403-a49b-6d378c2cf0d9	-0.309483	100.368523	250.0						1993-06-29T00:00	29	6	1993	3183002	3183002	HUMAN_OBSERVATION	naturgucker	naturgucker	-1587577184				CC_BY_4_0		-640879862			2024-03-15T23:23:29.391Z	StillImage	COORDINATE_ROUNDED;GEODETIC_DATUM_ASSUMED_WGS84;CONTINENT_DERIVED_FROM_COORDINATES
4171741630	50c9509d-22c7-4a22-a47d-8c48425ef4a7	https://www.inaturalist.org/observations/176911121	Plantae	Tracheophyta	Magnoliopsida	Myrtales	Myrtaceae	Syzygium	Syzygium aromaticum		SPECIES	Syzygium aromaticum (L.) Merr. & L.M.Perry	Syzygium aromaticum		ID		Jawa Tengah	PRESENT		28eb1a3f-1c15-4a95-931a-4af90ecb574d	-6.641488	110.88546							2023-08-05T12:05:05	5	8	2023	3183002	3183002	HUMAN_OBSERVATION	iNaturalist	Observations	176911121		Teguh	2023-08-06T04:58:31	CC_BY_4_0	Teguh	Teguh			2024-11-19T02:29:09.204Z		COORDINATE_ROUNDED;CONTINENT_DERIVED_FROM_COORDINATES;TAXON_MATCH_TAXON_ID_IGNORED
4061910125	e053ff53-c156-4e2e-b9b5-4462e9625424	urn:catalog:MO:Tropicos:102808728	Plantae	Tracheophyta	Magnoliopsida	Myrtales	Myrtaceae	Syzygium	Syzygium aromaticum		SPECIES	Syzygium aromaticum (L.) Merr. & L.M.Perry	Syzygium aromaticum (L.) Merr. & L.M. Perry	(L.) Merr. & L.M. Perry	ID	Central Halmahera. Weda Bay. Ake Jira.	Maluku Islands	PRESENT	6	90fd6680-349f-11d8-aa2d-b8a03c50a862	0.614528	127.917583			68.0				2012-12-17	17	12	2012	3183002	3183002	PRESERVED_SPECIMEN	BO	Tropicos	102808728	7341	I Rachman (BO)	2013-01-01T00:00:00	CC_BY_4_0	Missouri Botanical Garden	Richard Razakamalala;Mary Merello;Tjut Bangun;Bahar Fabanyo			2024-11-09T08:25:19.083Z	StillImage	COORDINATE_ROUNDED;GEODETIC_DATUM_ASSUMED_WGS84;TAXON_MATCH_TAXON_ID_IGNORED;OCCURRENCE_STATUS_INFERRED_FROM_INDIVIDUAL_COUNT;COLLECTION_MATCH_NONE;INSTITUTION_MATCH_FUZZY;DIFFERENT_OWNER_INSTITUTION
4061884780	e053ff53-c156-4e2e-b9b5-4462e9625424	urn:catalog:MO:Tropicos:102813901	Plantae	Tracheophyta	Magnoliopsida	Myrtales	Myrtaceae	Syzygium	Syzygium aromaticum		SPECIES	Syzygium aromaticum (L.) Merr. & L.M.Perry	Syzygium aromaticum (L.) Merr. & L.M. Perry	(L.) Merr. & L.M. Perry	ID	Central Halmahera. Weda Bay. Gwomdi.	Maluku Islands	PRESENT	8	90fd6680-349f-11d8-aa2d-b8a03c50a862	0.480056	127.982861			10.0				2013-01-17	17	1	2013	3183002	3183002	PRESERVED_SPECIMEN	BO	Tropicos	102813901	321	I Rachman (BO)	2013-01-01T00:00:00	CC_BY_4_0	Missouri Botanical Garden	Iska Gushilman;Porter P. Lowry II;Idris Haris;Tjut Bangun;Roji Mahroji			2024-11-09T08:25:25.755Z	StillImage	COORDINATE_ROUNDED;GEODETIC_DATUM_ASSUMED_WGS84;TAXON_MATCH_TAXON_ID_IGNORED;OCCURRENCE_STATUS_INFERRED_FROM_INDIVIDUAL_COUNT;COLLECTION_MATCH_NONE;INSTITUTION_MATCH_FUZZY;DIFFERENT_OWNER_INSTITUTION
4061180944	e053ff53-c156-4e2e-b9b5-4462e9625424	urn:catalog:MO:Tropicos:102812822	Plantae	Tracheophyta	Magnoliopsida	Myrtales	Myrtaceae	Syzygium	Syzygium aromaticum		SPECIES	Syzygium aromaticum (L.) Merr. & L.M.Perry	Syzygium aromaticum (L.) Merr. & L.M. Perry	(L.) Merr. & L.M. Perry	ID	Central Halmahera. Weda Bay. Sake South.	Maluku Islands	PRESENT	1	90fd6680-349f-11d8-aa2d-b8a03c50a862	0.480806	127.9905			27.0				2013-01-03	3	1	2013	3183002	3183002	PRESERVED_SPECIMEN	BO	Tropicos	102812822	449	I Rachman (BO)	2013-01-01T00:00:00	CC_BY_4_0	Missouri Botanical Garden	Tjut Bangun;Idris Haris;Bahar Fabanyo;Samsul Lasut			2024-11-09T08:25:25.816Z	StillImage	COORDINATE_ROUNDED;GEODETIC_DATUM_ASSUMED_WGS84;TAXON_MATCH_TAXON_ID_IGNORED;OCCURRENCE_STATUS_INFERRED_FROM_INDIVIDUAL_COUNT;COLLECTION_MATCH_NONE;INSTITUTION_MATCH_FUZZY;DIFFERENT_OWNER_INSTITUTION
4044036963	4515e736-fa02-44ee-9808-bf89445104fe	19770135	Plantae	Tracheophyta	Magnoliopsida	Myrtales	Myrtaceae	Syzygium	Syzygium aromaticum		SPECIES	Syzygium aromaticum (L.) Merr. & L.M.Perry	Syzygium aromatica		CN		贵州	PRESENT		a2fa5b68-3ebf-4845-abc5-f456d251386f	25.93	108.52							1974			1974	3183002	3183002	PRESERVED_SPECIMEN	HGAS		HGAS0079653				CC_BY_NC_4_0		贵州队			2024-01-26T08:52:05.244Z		GEODETIC_DATUM_ASSUMED_WGS84;COUNTRY_INVALID;CONTINENT_DERIVED_FROM_COORDINATES;TAXON_MATCH_FUZZY;COLLECTION_MATCH_NONE;INSTITUTION_MATCH_FUZZY
4044017026	4515e736-fa02-44ee-9808-bf89445104fe	19770134	Plantae	Tracheophyta	Magnoliopsida	Myrtales	Myrtaceae	Syzygium	Syzygium aromaticum		SPECIES	Syzygium aromaticum (L.) Merr. & L.M.Perry	Syzygium aromatica		CN		贵州	PRESENT		a2fa5b68-3ebf-4845-abc5-f456d251386f	25.42	107.88							1959			1959	3183002	3183002	PRESERVED_SPECIMEN	HGAS		HGAS0079652				CC_BY_NC_4_0		荔波队			2024-01-26T08:52:17.135Z		GEODETIC_DATUM_ASSUMED_WGS84;COUNTRY_INVALID;CONTINENT_DERIVED_FROM_COORDINATES;TAXON_MATCH_FUZZY;COLLECTION_MATCH_NONE;INSTITUTION_MATCH_FUZZY
4043638094	4515e736-fa02-44ee-9808-bf89445104fe	4683953	Plantae	Tracheophyta	Magnoliopsida	Myrtales	Myrtaceae	Syzygium	Syzygium aromaticum		SPECIES	Eugenia caryophyllata Thunb.	Eugenia caryophyllata		CN		海南	PRESENT		a2fa5b68-3ebf-4845-abc5-f456d251386f	18.8	110.4							1961			1961	5418972	3183002	PRESERVED_SPECIMEN	IBSC		0244212				CC_BY_NC_4_0		陈少卿			2024-01-26T08:52:23.599Z		GEODETIC_DATUM_ASSUMED_WGS84;COUNTRY_INVALID;CONTINENT_DERIVED_FROM_COORDINATES;COLLECTION_MATCH_NONE;INSTITUTION_MATCH_FUZZY
4032161932	7bd65a7a-f762-11e1-a439-00145eb45e9a	urn:catalog:MO:Tropicos:102826784	Plantae	Tracheophyta	Magnoliopsida	Myrtales	Myrtaceae	Syzygium	Syzygium aromaticum		SPECIES	Syzygium aromaticum (L.) Merr. & L.M.Perry	Syzygium aromaticum (L.) Merr. & L.M. Perry	(L.) Merr. & L.M. Perry	ID	Central Halmahera. Weda Bay. Ake Jira.	Maluku Islands	PRESENT	8	90fd6680-349f-11d8-aa2d-b8a03c50a862	0.607333	127.921445			89.0				2013-04-03	3	4	2013	3183002	3183002	PRESERVED_SPECIMEN	MO	Tropicos	102826784	93	I Rachman (BO)	2013-01-01T00:00:00	CC_BY_4_0	Missouri Botanical Garden	Samsul Lasut;Iska Gushilman;Idris Haris;Bahar Fabanyo			2024-11-16T10:09:34.381Z		COORDINATE_ROUNDED;GEODETIC_DATUM_ASSUMED_WGS84;TAXON_MATCH_TAXON_ID_IGNORED;OCCURRENCE_STATUS_INFERRED_FROM_INDIVIDUAL_COUNT;COLLECTION_MATCH_NONE;INSTITUTION_MATCH_FUZZY
4031867955	7bd65a7a-f762-11e1-a439-00145eb45e9a	urn:catalog:MO:Tropicos:102826765	Plantae	Tracheophyta	Magnoliopsida	Myrtales	Myrtaceae	Syzygium	Syzygium aromaticum		SPECIES	Syzygium aromaticum (L.) Merr. & L.M.Perry	Syzygium aromaticum (L.) Merr. & L.M. Perry	(L.) Merr. & L.M. Perry	ID	Central Halmahera. Weda Bay. Ake Jira.	Maluku Islands	PRESENT	4	90fd6680-349f-11d8-aa2d-b8a03c50a862	0.604194	127.922333			82.0				2013-04-02	2	4	2013	3183002	3183002	PRESERVED_SPECIMEN	MO	Tropicos	102826765	73	I Rachman (BO)	2013-01-01T00:00:00	CC_BY_4_0	Missouri Botanical Garden	Samsul Lasut;Iska Gushilman;Idris Haris;Bahar Fabanyo			2024-11-16T10:09:34.444Z		COORDINATE_ROUNDED;GEODETIC_DATUM_ASSUMED_WGS84;TAXON_MATCH_TAXON_ID_IGNORED;OCCURRENCE_STATUS_INFERRED_FROM_INDIVIDUAL_COUNT;COLLECTION_MATCH_NONE;INSTITUTION_MATCH_FUZZY
4031838219	7bd65a7a-f762-11e1-a439-00145eb45e9a	urn:catalog:MO:Tropicos:102838417	Plantae	Tracheophyta	Magnoliopsida	Myrtales	Myrtaceae	Syzygium	Syzygium aromaticum		SPECIES	Syzygium aromaticum (L.) Merr. & L.M.Perry	Syzygium aromaticum (L.) Merr. & L.M. Perry	(L.) Merr. & L.M. Perry	ID	Central Halmahera, Weda Bay, Casuarina.	Maluku Islands	PRESENT	8	90fd6680-349f-11d8-aa2d-b8a03c50a862	0.529444	127.911111			156.0				2013-04-24	24	4	2013	3183002	3183002	PRESERVED_SPECIMEN	MO	Tropicos	102838417	1146	I Rachman (BO)	2013-01-01T00:00:00	CC_BY_4_0	Missouri Botanical Garden	Ehoarn Bidault;Tariq Stévart;Roji Mahroji;Tjut Bangun;Bahar Fabanyo;Arief Hidayat			2024-11-16T10:11:28.900Z	StillImage	GEODETIC_DATUM_ASSUMED_WGS84;TAXON_MATCH_TAXON_ID_IGNORED;OCCURRENCE_STATUS_INFERRED_FROM_INDIVIDUAL_COUNT;COLLECTION_MATCH_NONE;INSTITUTION_MATCH_FUZZY
4031741760	7bd65a7a-f762-11e1-a439-00145eb45e9a	urn:catalog:MO:Tropicos:102813902	Plantae	Tracheophyta	Magnoliopsida	Myrtales	Myrtaceae	Syzygium	Syzygium aromaticum		SPECIES	Syzygium aromaticum (L.) Merr. & L.M.Perry	Syzygium aromaticum (L.) Merr. & L.M. Perry	(L.) Merr. & L.M. Perry	ID	Central Halmahera. Weda Bay. Gwomdi.	Maluku Islands	PRESENT	8	90fd6680-349f-11d8-aa2d-b8a03c50a862	0.480056	127.982861			10.0				2013-01-17	17	1	2013	3183002	3183002	PRESERVED_SPECIMEN	MO	Tropicos	102813902	321	I Rachman (BO)	2013-01-01T00:00:00	CC_BY_4_0	Missouri Botanical Garden	Iska Gushilman;Porter P. Lowry II;Idris Haris;Tjut Bangun;Roji Mahroji			2024-11-16T10:09:33.526Z	StillImage	COORDINATE_ROUNDED;GEODETIC_DATUM_ASSUMED_WGS84;TAXON_MATCH_TAXON_ID_IGNORED;OCCURRENCE_STATUS_INFERRED_FROM_INDIVIDUAL_COUNT;COLLECTION_MATCH_NONE;INSTITUTION_MATCH_FUZZY
4031739048	7bd65a7a-f762-11e1-a439-00145eb45e9a	urn:catalog:MO:Tropicos:102825249	Plantae	Tracheophyta	Magnoliopsida	Myrtales	Myrtaceae	Syzygium	Syzygium aromaticum		SPECIES	Syzygium aromaticum (L.) Merr. & L.M.Perry	Syzygium aromaticum (L.) Merr. & L.M. Perry	(L.) Merr. & L.M. Perry	ID	Central Halmahera. Weda Bay. Casuarina.	Maluku Islands	PRESENT	7	90fd6680-349f-11d8-aa2d-b8a03c50a862	0.524556	127.913056			205.0				2013-03-23	23	3	2013	3183002	3183002	PRESERVED_SPECIMEN	MO	Tropicos	102825249	679	I Rachman (BO)	2013-01-01T00:00:00	CC_BY_4_0	Missouri Botanical Garden	Tjut Bangun;Roji Mahroji;Samsul Lasut;Bahar Fabanyo			2024-11-16T10:11:29.173Z		COORDINATE_ROUNDED;GEODETIC_DATUM_ASSUMED_WGS84;TAXON_MATCH_TAXON_ID_IGNORED;OCCURRENCE_STATUS_INFERRED_FROM_INDIVIDUAL_COUNT;COLLECTION_MATCH_NONE;INSTITUTION_MATCH_FUZZY
4031732569	7bd65a7a-f762-11e1-a439-00145eb45e9a	urn:catalog:MO:Tropicos:102808729	Plantae	Tracheophyta	Magnoliopsida	Myrtales	Myrtaceae	Syzygium	Syzygium aromaticum		SPECIES	Syzygium aromaticum (L.) Merr. & L.M.Perry	Syzygium aromaticum (L.) Merr. & L.M. Perry	(L.) Merr. & L.M. Perry	ID	Central Halmahera. Weda Bay. Ake Jira.	Maluku Islands	PRESENT	6	90fd6680-349f-11d8-aa2d-b8a03c50a862	0.614528	127.917583			68.0				2012-12-17	17	12	2012	3183002	3183002	PRESERVED_SPECIMEN	MO	Tropicos	102808729	7341	I Rachman (BO)	2013-01-01T00:00:00	CC_BY_4_0	Missouri Botanical Garden	Richard Razakamalala;Mary Merello;Tjut Bangun;Bahar Fabanyo			2024-11-16T10:09:33.570Z	StillImage	COORDINATE_ROUNDED;GEODETIC_DATUM_ASSUMED_WGS84;TAXON_MATCH_TAXON_ID_IGNORED;OCCURRENCE_STATUS_INFERRED_FROM_INDIVIDUAL_COUNT;COLLECTION_MATCH_NONE;INSTITUTION_MATCH_FUZZY
4029451713	0a5eec5f-ea21-4c00-b55a-9e5a5d336c3c	BARO:Angiosperm:123450009508	Plantae	Tracheophyta	Magnoliopsida	Myrtales	Myrtaceae	Syzygium	Syzygium aromaticum		SPECIES	Syzygium aromaticum (L.) Merr. & L.M.Perry	Syzygium aromaticum (L.) Merr. & L.M.Perry		IN			PRESENT		f50525ea-b8c7-44ba-8d50-149b24421dda	20.770231	72.982378	301.0						1954-04-12	12	4	1954	3183002	3183002	PRESERVED_SPECIMEN	BARO	Angiosperm	123450009508				CC_BY_4_0		R. M. Patel			2024-01-26T16:59:11.448Z	StillImage	COORDINATE_ROUNDED;CONTINENT_DERIVED_FROM_COORDINATES;COLLECTION_MATCH_NONE;INSTITUTION_MATCH_FUZZY
4029451712	0a5eec5f-ea21-4c00-b55a-9e5a5d336c3c	BARO:Angiosperm:123450009507	Plantae	Tracheophyta	Magnoliopsida	Myrtales	Myrtaceae	Syzygium	Syzygium aromaticum		SPECIES	Syzygium aromaticum (L.) Merr. & L.M.Perry	Syzygium aromaticum (L.) Merr. & L.M.Perry		LK			PRESENT		f50525ea-b8c7-44ba-8d50-149b24421dda	7.268273	80.596599	301.0						1951-10-25	25	10	1951	3183002	3183002	PRESERVED_SPECIMEN	BARO	Angiosperm	123450009507				CC_BY_4_0		S. D. Sawant			2024-01-26T16:59:11.449Z	StillImage	COORDINATE_ROUNDED;CONTINENT_DERIVED_FROM_COORDINATES;COLLECTION_MATCH_NONE;INSTITUTION_MATCH_FUZZY
4029451711	0a5eec5f-ea21-4c00-b55a-9e5a5d336c3c	BARO:Angiosperm:123450009506	Plantae	Tracheophyta	Magnoliopsida	Myrtales	Myrtaceae	Syzygium	Syzygium aromaticum		SPECIES	Syzygium aromaticum (L.) Merr. & L.M.Perry	Syzygium aromaticum (L.) Merr. & L.M.Perry		LK			PRESENT		f50525ea-b8c7-44ba-8d50-149b24421dda	7.268273	80.596599	301.0						1955-10-30	30	10	1955	3183002	3183002	PRESERVED_SPECIMEN	BARO	Angiosperm	123450009506				CC_BY_4_0		V. G. Pathak			2024-01-26T16:59:11.448Z	StillImage	COORDINATE_ROUNDED;CONTINENT_DERIVED_FROM_COORDINATES;COLLECTION_MATCH_NONE;INSTITUTION_MATCH_FUZZY
4029451710	0a5eec5f-ea21-4c00-b55a-9e5a5d336c3c	BARO:Angiosperm:123450009505	Plantae	Tracheophyta	Magnoliopsida	Myrtales	Myrtaceae	Syzygium	Syzygium aromaticum		SPECIES	Syzygium aromaticum (L.) Merr. & L.M.Perry	Syzygium aromaticum (L.) Merr. & L.M.Perry		IN			PRESENT		f50525ea-b8c7-44ba-8d50-149b24421dda	22.308976	73.188035	301.0										3183002	3183002	PRESERVED_SPECIMEN	BARO	Angiosperm	123450009505				CC_BY_4_0					2024-01-26T16:59:11.452Z	StillImage	COORDINATE_ROUNDED;CONTINENT_DERIVED_FROM_COORDINATES;COLLECTION_MATCH_NONE;INSTITUTION_MATCH_FUZZY
4029451709	0a5eec5f-ea21-4c00-b55a-9e5a5d336c3c	BARO:Angiosperm:123450009502	Plantae	Tracheophyta	Magnoliopsida	Myrtales	Myrtaceae	Syzygium	Syzygium aromaticum		SPECIES	Syzygium aromaticum (L.) Merr. & L.M.Perry	Syzygium aromaticum (L.) Merr. & L.M.Perr		LK			PRESENT		f50525ea-b8c7-44ba-8d50-149b24421dda	7.268273	80.596599	301.0						1951-10-25	25	10	1951	3183002	3183002	PRESERVED_SPECIMEN	BARO	Angiosperm	123450009502				CC_BY_4_0		Bhavan			2024-01-26T16:59:11.448Z	StillImage	COORDINATE_ROUNDED;CONTINENT_DERIVED_FROM_COORDINATES;COLLECTION_MATCH_NONE;INSTITUTION_MATCH_FUZZY
4029451708	0a5eec5f-ea21-4c00-b55a-9e5a5d336c3c	BARO:Angiosperm:123450009501	Plantae	Tracheophyta	Magnoliopsida	Myrtales	Myrtaceae	Syzygium	Syzygium aromaticum		SPECIES	Syzygium aromaticum (L.) Merr. & L.M.Perry	Syzygium aromaticum (L.) Merr. & L.M.Perr		IN			PRESENT		f50525ea-b8c7-44ba-8d50-149b24421dda	22.308976	73.188035	301.0						1962-08-04	4	8	1962	3183002	3183002	PRESERVED_SPECIMEN	BARO	Angiosperm	123450009501				CC_BY_4_0		Neela Pendse			2024-01-26T16:59:11.449Z	StillImage	COORDINATE_ROUNDED;CONTINENT_DERIVED_FROM_COORDINATES;COLLECTION_MATCH_NONE;INSTITUTION_MATCH_FUZZY
4029448048	0a5eec5f-ea21-4c00-b55a-9e5a5d336c3c	BARO:Angiosperm:123450029171	Plantae	Tracheophyta	Magnoliopsida	Myrtales	Myrtaceae	Syzygium	Syzygium aromaticum		SPECIES	Syzygium aromaticum (L.) Merr. & L.M.Perry	Syzygium aromaticum (L.) Merr. & L.M.Perry		IN			PRESENT		f50525ea-b8c7-44ba-8d50-149b24421dda	8.558183	76.922532	301.0						1992-02-05	5	2	1992	3183002	3183002	PRESERVED_SPECIMEN	BARO	Angiosperm	123000000000				CC_BY_4_0		Mini M.George			2024-01-26T16:59:09.610Z	StillImage	CONTINENT_DERIVED_FROM_COORDINATES;COLLECTION_MATCH_NONE;INSTITUTION_MATCH_FUZZY
3902225311	50c9509d-22c7-4a22-a47d-8c48425ef4a7	https://www.inaturalist.org/observations/128877192	Plantae	Tracheophyta	Magnoliopsida	Myrtales	Myrtaceae	Syzygium	Syzygium aromaticum		SPECIES	Syzygium aromaticum (L.) Merr. & L.M.Perry	Syzygium aromaticum		CN		Yunnan	PRESENT		28eb1a3f-1c15-4a95-931a-4af90ecb574d	21.928806	101.257805							2022-07-31T06:31:06	31	7	2022	3183002	3183002	HUMAN_OBSERVATION	iNaturalist	Observations	128877192		guanhong	2022-07-31T21:47:42	CC_BY_NC_4_0	guanhong	guanhong			2024-11-19T03:02:36.860Z	StillImage	COORDINATE_ROUNDED;CONTINENT_DERIVED_FROM_COORDINATES;TAXON_MATCH_TAXON_ID_IGNORED
3859949331	50c9509d-22c7-4a22-a47d-8c48425ef4a7	https://www.inaturalist.org/observations/123662142	Plantae	Tracheophyta	Magnoliopsida	Myrtales	Myrtaceae	Syzygium	Syzygium aromaticum		SPECIES	Syzygium aromaticum (L.) Merr. & L.M.Perry	Syzygium aromaticum		ID		Bali	PRESENT		28eb1a3f-1c15-4a95-931a-4af90ecb574d	-8.266627	115.054678	6693.0						2008-06-12T07:18	12	6	2008	3183002	3183002	HUMAN_OBSERVATION	iNaturalist	Observations	123662142		Frédéric LEVIEZ	2022-06-27T08:02:37	CC_BY_NC_4_0	Frédéric LEVIEZ	Frédéric LEVIEZ			2024-11-19T02:51:46.679Z	StillImage	COORDINATE_ROUNDED;CONTINENT_DERIVED_FROM_COORDINATES;TAXON_MATCH_TAXON_ID_IGNORED
3859663293	50c9509d-22c7-4a22-a47d-8c48425ef4a7	https://www.inaturalist.org/observations/121351657	Plantae	Tracheophyta	Magnoliopsida	Myrtales	Myrtaceae	Syzygium	Syzygium aromaticum		SPECIES	Syzygium aromaticum (L.) Merr. & L.M.Perry	Syzygium aromaticum		ID		Jawa Barat	PRESENT		28eb1a3f-1c15-4a95-931a-4af90ecb574d	-6.893933	107.611532	7.0						2022-06-12T09:46:21	12	6	2022	3183002	3183002	HUMAN_OBSERVATION	iNaturalist	Observations	121351657		vierinaufal	2022-06-12T02:50:38	CC_BY_NC_4_0	vierinaufal	vierinaufal			2024-11-19T02:20:37.415Z		COORDINATE_ROUNDED;CONTINENT_DERIVED_FROM_COORDINATES;TAXON_MATCH_TAXON_ID_IGNORED
360263360	38e8b720-9074-4471-a016-73cae18a6c1c	urn:catalog:FFPRI:TFA:20054	Plantae	Tracheophyta	Magnoliopsida	Myrtales	Myrtaceae	Syzygium	Syzygium aromaticum		SPECIES	Syzygium aromaticum (L.) Merr. & L.M.Perry	Syzygium aromaticum (L.) Merr. et Perry		JP	Forestry and Forest Products Research Institute	Tokyo Prefecture	PRESENT		c3367060-856b-11d9-8486-b8a03c50a862	35.625056	139.703283											3183002	3183002	PRESERVED_SPECIMEN	FFPRI	TFA	20054				CC_BY_NC_4_0		Y. Hayashi			2024-01-24T17:27:28.686Z		CONTINENT_DERIVED_FROM_COORDINATES;INSTITUTION_MATCH_NONE
360263359	38e8b720-9074-4471-a016-73cae18a6c1c	urn:catalog:FFPRI:TFA:20053	Plantae	Tracheophyta	Magnoliopsida	Myrtales	Myrtaceae	Syzygium	Syzygium aromaticum		SPECIES	Syzygium aromaticum (L.) Merr. & L.M.Perry	Syzygium aromaticum (L.) Merr. et Perry		JP	Forestry and Forest Products Research Institute	Tokyo Prefecture	PRESENT		c3367060-856b-11d9-8486-b8a03c50a862	35.625056	139.703283											3183002	3183002	PRESERVED_SPECIMEN	FFPRI	TFA	20053				CC_BY_NC_4_0		Y. Hayashi			2024-01-24T17:27:28.686Z		CONTINENT_DERIVED_FROM_COORDINATES;INSTITUTION_MATCH_NONE
3348953859	d8cd16ba-bb74-4420-821e-083f2bac17c2	MH191264	Plantae	Tracheophyta	Magnoliopsida	Myrtales	Myrtaceae	Syzygium	Syzygium aromaticum		SPECIES	Syzygium aromaticum (L.) Merr. & L.M.Perry	Syzygium aromaticum		ID	West Java, Darmaga, IPB		PRESENT		ada9d123-ddb4-467d-8891-806ea8d94230	-6.6	106.8			185.0	0.0			2008			2008	3183002	3183002	PRESERVED_SPECIMEN			Widodo 137 (PUNS)		P. Widodo		CC_BY_4_0		P. Widodo			2024-11-16T13:04:02.377Z		GEODETIC_DATUM_ASSUMED_WGS84;CONTINENT_DERIVED_FROM_COORDINATES;TAXON_MATCH_TAXON_CONCEPT_ID_IGNORED;TAXON_MATCH_TAXON_ID_IGNORED
3031739206	50c9509d-22c7-4a22-a47d-8c48425ef4a7	https://www.inaturalist.org/observations/68271429	Plantae	Tracheophyta	Magnoliopsida	Myrtales	Myrtaceae	Syzygium	Syzygium aromaticum		SPECIES	Syzygium aromaticum (L.) Merr. & L.M.Perry	Syzygium aromaticum		ID		Banten	PRESENT		28eb1a3f-1c15-4a95-931a-4af90ecb574d	-6.375473	105.96705	1048.0						2021-01-17T17:17	17	1	2021	3183002	3183002	HUMAN_OBSERVATION	iNaturalist	Observations	68271429		rizkirojabi31	2021-01-18T14:14:40	CC_BY_NC_4_0	rizkirojabi31	rizkirojabi31			2024-11-19T02:09:35.978Z	StillImage	COORDINATE_ROUNDED;CONTINENT_DERIVED_FROM_COORDINATES;TAXON_MATCH_TAXON_ID_IGNORED
3031671890	50c9509d-22c7-4a22-a47d-8c48425ef4a7	https://www.inaturalist.org/observations/58000338	Plantae	Tracheophyta	Magnoliopsida	Myrtales	Myrtaceae	Syzygium	Syzygium aromaticum		SPECIES	Syzygium aromaticum (L.) Merr. & L.M.Perry	Syzygium aromaticum		ID		Jawa Tengah	PRESENT		28eb1a3f-1c15-4a95-931a-4af90ecb574d	-7.646782	110.141691							2020-08-29T12:15	29	8	2020	3183002	3183002	HUMAN_OBSERVATION	iNaturalist	Observations	58000338		Abu Hamas	2021-01-27T03:27:44	CC_BY_NC_4_0	Naufal Urfi Dhiya'ulhaq	Naufal Urfi Dhiya'ulhaq			2024-11-19T02:51:37.863Z	StillImage	COORDINATE_ROUNDED;CONTINENT_DERIVED_FROM_COORDINATES;TAXON_MATCH_TAXON_ID_IGNORED
2856538554	50c9509d-22c7-4a22-a47d-8c48425ef4a7	https://www.inaturalist.org/observations/56809720	Plantae	Tracheophyta	Magnoliopsida	Myrtales	Myrtaceae	Syzygium	Syzygium aromaticum		SPECIES	Syzygium aromaticum (L.) Merr. & L.M.Perry	Syzygium aromaticum		IN		Kerala	PRESENT		28eb1a3f-1c15-4a95-931a-4af90ecb574d	9.715705	76.319121	66.0						2020-08-18T08:06:09	18	8	2020	3183002	3183002	HUMAN_OBSERVATION	iNaturalist	Observations	56809720		Vishnu Nandakumar	2020-08-18T03:11:53	CC_BY_NC_4_0	Vishnu Nandakumar	Vishnu Nandakumar			2024-11-19T02:50:40.943Z	StillImage	COORDINATE_ROUNDED;CONTINENT_DERIVED_FROM_COORDINATES;TAXON_MATCH_TAXON_ID_IGNORED
2620074518	50c9509d-22c7-4a22-a47d-8c48425ef4a7	https://www.inaturalist.org/observations/32567428	Plantae	Tracheophyta	Magnoliopsida	Myrtales	Myrtaceae	Syzygium	Syzygium aromaticum		SPECIES	Syzygium aromaticum (L.) Merr. & L.M.Perry	Syzygium aromaticum		LK		Kandy	PRESENT		28eb1a3f-1c15-4a95-931a-4af90ecb574d	7.328404	80.732558	8.0						2019-09-12T08:04:20	12	9	2019	3183002	3183002	HUMAN_OBSERVATION	iNaturalist	Observations	32567428		Nuwan Chathuranga	2019-09-12T06:40:29	CC_BY_NC_4_0	MaLisa Spring	MaLisa Spring			2024-11-19T02:45:32.854Z		COORDINATE_ROUNDED;CONTINENT_DERIVED_FROM_COORDINATES;TAXON_MATCH_TAXON_ID_IGNORED
2598678628	c6b86c40-ff71-4e5e-902c-111f400d0d56	https://indiabiodiversity.org/observation/show/342151	Plantae	Tracheophyta	Magnoliopsida	Myrtales	Myrtaceae	Syzygium	Syzygium aromaticum		SPECIES	Syzygium aromaticum (L.) Merr. & L.M.Perry	Syzygium aromaticum (L.) Merr. & Perry		IN			PRESENT		62431bdf-fa0c-452b-afce-be14884a47ff	8.72786	76.938736							2014-04-23	23	4	2014	3183002	3183002	HUMAN_OBSERVATION			342151		Gopakumar VR Namboothiri;Joby Paul;Ravi Vaidyanathan		CC_BY_4_0		Gopakumar VR Namboothiri			2024-11-20T23:15:49.187Z	StillImage	COORDINATE_ROUNDED;GEODETIC_DATUM_ASSUMED_WGS84;COUNTRY_DERIVED_FROM_COORDINATES;CONTINENT_DERIVED_FROM_COORDINATES;TAXON_MATCH_TAXON_ID_IGNORED;IDENTIFIED_DATE_INVALID
2517101183	15f819bd-6612-4447-854b-14d12ee1022d	https://data.biodiversitydata.nl/naturalis/specimen/L.3968573	Plantae	Tracheophyta	Magnoliopsida	Myrtales	Myrtaceae	Syzygium	Syzygium aromaticum		SPECIES	Syzygium aromaticum (L.) Merr. & L.M.Perry	Syzygium aromaticum (L.) Merr. & L.M.Perry	(L.) Merr. & L.M.Perry	ID	Central Halmahera. Weda Bay. Gwomdi.	Moluccas	PRESENT		396d5f30-dea9-11db-8ab4-b8a03c50a862	0.48006	127.98286							2013-01-17	17	1	2013	3183002	3183002	PRESERVED_SPECIMEN		Botany	L.3968573	Gushilman, I; Lowry II, PP; Haris, I; Bangun, TJF; Mahroji, R 321	Rachman IA		CC0_1_0	Naturalis Biodiversity Center	Gushilman I; Lowry II PP; Haris I; Bangun TJF; Mahroji R			2024-11-01T10:27:33.176Z	StillImage	
2516890240	15f819bd-6612-4447-854b-14d12ee1022d	https://data.biodiversitydata.nl/naturalis/specimen/L.3968574	Plantae	Tracheophyta	Magnoliopsida	Myrtales	Myrtaceae	Syzygium	Syzygium aromaticum		SPECIES	Syzygium aromaticum (L.) Merr. & L.M.Perry	Syzygium aromaticum (L.) Merr. & L.M.Perry	(L.) Merr. & L.M.Perry	ID	Central Halmahera. Weda Bay. Sake South.	Moluccas	PRESENT		396d5f30-dea9-11db-8ab4-b8a03c50a862	0.48081	127.9905							2013-01-03	3	1	2013	3183002	3183002	PRESERVED_SPECIMEN		Botany	L.3968574	Bangun, TJF; Haris, I; Fabanyo, B; Lasut, SA 449	Rachman IA		CC0_1_0	Naturalis Biodiversity Center	Bangun TJF; Haris I; Fabanyo B; Lasut SA			2024-11-01T10:27:32.775Z	StillImage	
2516698905	15f819bd-6612-4447-854b-14d12ee1022d	https://data.biodiversitydata.nl/naturalis/specimen/L.3917507	Plantae	Tracheophyta	Magnoliopsida	Myrtales	Myrtaceae	Syzygium	Syzygium aromaticum		SPECIES	Syzygium aromaticum (L.) Merr. & L.M.Perry	Syzygium aromaticum (L.) Merr. & L.M.Perry	(L.) Merr. & L.M.Perry	ID	Seram. C. Seram, Manusela National Park: along a trail between Batu (Mt.) Kokan and Wolu (sea level), southern slope of Manusela Ridge, Kecamatan (District) Tehoru.	Moluccas	PRESENT		396d5f30-dea9-11db-8ab4-b8a03c50a862	-3.29167	129.64167							1985-02-18	18	2	1985	3183002	3183002	PRESERVED_SPECIMEN		Botany	L.3917507	Kato, M; et al. C- 6735			CC0_1_0	Naturalis Biodiversity Center	Kato M; et al.			2024-11-01T10:27:31.677Z	StillImage	
2516445518	15f819bd-6612-4447-854b-14d12ee1022d	https://data.biodiversitydata.nl/naturalis/specimen/L.2503775	Plantae	Tracheophyta	Magnoliopsida	Myrtales	Myrtaceae	Syzygium	Syzygium aromaticum		SPECIES	Eugenia caryophyllata Thunb.	Eugenia caryophyllata Thunb.	Thunb.	ID	Amboina.	Moluccas	PRESENT		396d5f30-dea9-11db-8ab4-b8a03c50a862	-3.65912	128.17748							1913-07-01/1913-07-31		7	1913	5418972	3183002	PRESERVED_SPECIMEN		Botany	L.2503775	Robinson, CB 201			CC0_1_0	Naturalis Biodiversity Center	Robinson CB			2024-11-01T10:27:11.084Z	StillImage	
2516425516	15f819bd-6612-4447-854b-14d12ee1022d	https://data.biodiversitydata.nl/naturalis/specimen/L.2503802	Plantae	Tracheophyta	Magnoliopsida	Myrtales	Myrtaceae	Syzygium	Syzygium aromaticum		SPECIES	Eugenia caryophyllata Thunb.	Eugenia caryophyllata Thunb.	Thunb.	ID	N. Moluccas, Bacan Isl., Gunung Sibela near Waiaua.	Moluccas	PRESENT		396d5f30-dea9-11db-8ab4-b8a03c50a862	-0.75	127.53333							1974-10-30	30	10	1974	5418972	3183002	PRESERVED_SPECIMEN		Botany	L.2503802	Vogel, EF de 3768			CC0_1_0	Naturalis Biodiversity Center	Vogel EF de			2024-11-01T10:27:12.419Z	StillImage	
2516289342	15f819bd-6612-4447-854b-14d12ee1022d	https://data.biodiversitydata.nl/naturalis/specimen/L.2503796	Plantae	Tracheophyta	Magnoliopsida	Myrtales	Myrtaceae	Syzygium	Syzygium aromaticum		SPECIES	Eugenia caryophyllata Thunb.	Eugenia caryophyllata Thunb.	Thunb.	ID	Archipel. Ind. Molukken, Ternate, Tidore en Batjan, Tawa eil. Kasiroeta.	Moluccas	PRESENT		396d5f30-dea9-11db-8ab4-b8a03c50a862	-0.41667	127.2							1937-09-03	3	9	1937	5418972	3183002	PRESERVED_SPECIMEN		Botany	L.2503796	Unknown bb 23226			CC0_1_0	Naturalis Biodiversity Center	Unknown			2024-11-01T10:27:12.186Z	StillImage	
2516214438	15f819bd-6612-4447-854b-14d12ee1022d	https://data.biodiversitydata.nl/naturalis/specimen/L.2503793	Plantae	Tracheophyta	Magnoliopsida	Myrtales	Myrtaceae	Syzygium	Syzygium aromaticum		SPECIES	Eugenia caryophyllata Thunb.	Eugenia caryophyllata Thunb.	Thunb.	ID	[Indonesia,] Moluccas, Halmahera, central part, Akelamo Oba.	Moluccas	PRESENT		396d5f30-dea9-11db-8ab4-b8a03c50a862	0.56667	127.6							1974-12-03	3	12	1974	5418972	3183002	PRESERVED_SPECIMEN		Botany	L.2503793	Vogel, EF de 4359			CC0_1_0	Naturalis Biodiversity Center	Vogel EF de			2024-11-01T10:27:13.381Z	StillImage	
2516213804	15f819bd-6612-4447-854b-14d12ee1022d	https://data.biodiversitydata.nl/naturalis/specimen/L.2528522	Plantae	Tracheophyta	Magnoliopsida	Myrtales	Myrtaceae	Syzygium	Syzygium aromaticum		SPECIES	Syzygium aromaticum (L.) Merr. & L.M.Perry	Syzygium aromaticum (L.) Merr. & L.M.Perry	(L.) Merr. & L.M.Perry	VN		Cochinchine	PRESENT		396d5f30-dea9-11db-8ab4-b8a03c50a862	11.0	107.0							1909-06-01/1909-06-30		6	1909	3183002	3183002	PRESERVED_SPECIMEN		Botany	L.2528522	Alleizette, AC d' s.n.	Soh WK	2009-04-01T00:00:00	CC0_1_0	Naturalis Biodiversity Center	Alleizette AC d'			2024-11-01T10:27:11.934Z	StillImage	
2515196693	15f819bd-6612-4447-854b-14d12ee1022d	https://data.biodiversitydata.nl/naturalis/specimen/L.3968609	Plantae	Tracheophyta	Magnoliopsida	Myrtales	Myrtaceae	Syzygium	Syzygium aromaticum		SPECIES	Syzygium aromaticum (L.) Merr. & L.M.Perry	Syzygium aromaticum (L.) Merr. & L.M.Perry	(L.) Merr. & L.M.Perry	ID	Central Halmahera. Weda Bay. Ake Jira.	Moluccas	PRESENT		396d5f30-dea9-11db-8ab4-b8a03c50a862	0.61453	127.91758							2012-12-17	17	12	2012	3183002	3183002	PRESERVED_SPECIMEN		Botany	L.3968609	Razakamalala, R; Merello, MC; Bangun, TJF; Fabanyo, B 7341	Rachman IA		CC0_1_0	Naturalis Biodiversity Center	Razakamalala R; Merello MC; Bangun TJF; Fabanyo B			2024-11-01T10:27:33.447Z	StillImage	
2515058736	15f819bd-6612-4447-854b-14d12ee1022d	https://data.biodiversitydata.nl/naturalis/specimen/L.3971911	Plantae	Tracheophyta	Magnoliopsida	Myrtales	Myrtaceae	Syzygium	Syzygium aromaticum		SPECIES	Eugenia aromatica (L.) Baill.	Eugenia aromatica (L.) Baill. [1]	(L.) Baill.	MY	Kampong Telok Melanau.	Borneo	PRESENT		396d5f30-dea9-11db-8ab4-b8a03c50a862	1.8	109.76667							1995-10-12	12	10	1995	8195911	3183002	PRESERVED_SPECIMEN		Botany	L.3971911	Rantai Jawa; Lai Shak Teck; et al. S 71131			CC0_1_0	Naturalis Biodiversity Center	Rantai Jawa; Lai Shak Teck; et al.			2024-11-01T10:27:33.501Z		
2514450615	15f819bd-6612-4447-854b-14d12ee1022d	https://data.biodiversitydata.nl/naturalis/specimen/L.2503801	Plantae	Tracheophyta	Magnoliopsida	Myrtales	Myrtaceae	Syzygium	Syzygium aromaticum		SPECIES	Eugenia caryophyllata Thunb.	Eugenia caryophyllata Thunb.	Thunb.	ID	N. Moluccas, Halmahera, Gunung Sahu near Susupu.	Moluccas	PRESENT		396d5f30-dea9-11db-8ab4-b8a03c50a862	1.18333	127.45							1974-10-07	7	10	1974	5418972	3183002	PRESERVED_SPECIMEN		Botany	L.2503801	Vogel, EF de 3330			CC0_1_0	Naturalis Biodiversity Center	Vogel EF de			2024-11-01T10:29:13.351Z	StillImage	
2514444614	15f819bd-6612-4447-854b-14d12ee1022d	https://data.biodiversitydata.nl/naturalis/specimen/L.2503804	Plantae	Tracheophyta	Magnoliopsida	Myrtales	Myrtaceae	Syzygium	Syzygium aromaticum		SPECIES	Eugenia caryophyllata Thunb.	Eugenia caryophyllata Thunb.	Thunb.	ID	Hab. Insulam. Ceram.	Moluccas	PRESENT		396d5f30-dea9-11db-8ab4-b8a03c50a862	-3.0	129.0							1859-01-01/1859-12-31			1859	5418972	3183002	PRESERVED_SPECIMEN		Botany	L.2503804	Vriese, WH de; Teijsmann, JE s.n.			CC0_1_0	Naturalis Biodiversity Center	Vriese WH de; Teijsmann JE			2024-11-01T10:27:12.419Z	StillImage	
2513262407	15f819bd-6612-4447-854b-14d12ee1022d	https://data.biodiversitydata.nl/naturalis/specimen/L%20%200628952	Plantae	Tracheophyta	Magnoliopsida	Myrtales	Myrtaceae	Syzygium	Syzygium aromaticum		SPECIES	Eugenia caryophyllata Thunb.	Eugenia caryophyllata Thunb.	Thunb.	ID		Lesser Sunda Islands	PRESENT		396d5f30-dea9-11db-8ab4-b8a03c50a862	-8.675	122.09167											5418972	3183002	PRESERVED_SPECIMEN		Botany	L  0628952	Vrijdag Zijnen, TD 7			CC0_1_0	Naturalis Biodiversity Center	Vrijdag Zijnen TD			2024-11-01T10:29:03.994Z		
2456517504	50c9509d-22c7-4a22-a47d-8c48425ef4a7	https://www.inaturalist.org/observations/35350129	Plantae	Tracheophyta	Magnoliopsida	Myrtales	Myrtaceae	Syzygium	Syzygium aromaticum		SPECIES	Syzygium aromaticum (L.) Merr. & L.M.Perry	Syzygium aromaticum		HK		Eastern	PRESENT		28eb1a3f-1c15-4a95-931a-4af90ecb574d	22.264327	114.249589	24.0						2019-11-06T09:21:12	6	11	2019	3183002	3183002	HUMAN_OBSERVATION	iNaturalist	Observations	35350129		jocelynhui	2019-11-06T01:22:04	CC_BY_NC_4_0	jocelynhui	jocelynhui			2024-11-19T02:02:44.753Z	StillImage	COORDINATE_ROUNDED;CONTINENT_DERIVED_FROM_COORDINATES;TAXON_MATCH_TAXON_ID_IGNORED
2417379484	3942a8dc-9f01-420d-a829-01675dc01c73	6870173	Plantae	Tracheophyta	Magnoliopsida	Myrtales	Myrtaceae	Syzygium	Syzygium aromaticum		SPECIES	Syzygium aromaticum (L.) Merr. & L.M.Perry	Syzygium aromaticum		CN		贵州	PRESENT		a2fa5b68-3ebf-4845-abc5-f456d251386f	27.99	108.4							1963			1963	3183002	3183002	PRESERVED_SPECIMEN	PE		01318944				CC_BY_4_0		简焯坡 张秀实等			2024-01-25T06:38:40.110Z		GEODETIC_DATUM_ASSUMED_WGS84;CONTINENT_DERIVED_FROM_COORDINATES;COLLECTION_MATCH_NONE;INSTITUTION_MATCH_FUZZY
2028079331	ca58433a-3ff8-492f-9d7b-6f6d289eb6d6	UGM-2017HA-BA017-SPmpts-EM026	Plantae	Tracheophyta	Magnoliopsida	Myrtales	Myrtaceae	Syzygium	Syzygium aromaticum		SPECIES	Syzygium aromaticum (L.) Merr. & L.M.Perry	Syzygium aromaticum		ID	Desa Kepurun	Central Java	PRESENT	1	6d4d47b0-cfd2-4c4e-9cf8-799143d3adfc	-7.6655	110.4619							2017-01-03	3	1	2017	3183002	3183002	HUMAN_OBSERVATION							CC_BY_4_0					2024-07-22T11:17:42.416Z		CONTINENT_DERIVED_FROM_COORDINATES
1821823697	eb7681c5-5c9c-4e28-954f-f328991c7004	TAIF:PLANT:54942:1:1:121735	Plantae	Tracheophyta	Magnoliopsida	Myrtales	Myrtaceae	Syzygium	Syzygium aromaticum		SPECIES	Eugenia caryophyllata Thunb.	Eugenia caryophyllata Thunb.		TW	)		PRESENT		898ba450-1627-11df-bd84-b8a03c50a862	25.133333	121.416667							1950-12-18T00:00	18	12	1950	5418972	3183002	PRESERVED_SPECIMEN	TAIF	PLANT	121735	s. n.	Y.M.Jang		CC_BY_NC_4_0	TAIF	(n/a)			2024-01-25T15:28:33.771Z		COORDINATE_ROUNDED;GEODETIC_DATUM_INVALID;GEODETIC_DATUM_ASSUMED_WGS84;COUNTRY_INVALID;CONTINENT_DERIVED_FROM_COORDINATES;TAXON_MATCH_SCIENTIFIC_NAME_ID_IGNORED;COLLECTION_MATCH_NONE;INSTITUTION_MATCH_FUZZY
1697861300	902c8fe7-8f38-45b0-854e-c324fed36303	MW0743875	Plantae	Tracheophyta	Magnoliopsida	Myrtales	Myrtaceae	Syzygium	Syzygium aromaticum		SPECIES	Syzygium aromaticum (L.) Merr. & L.M.Perry	Syzygium aromaticum (L.) Merr. & L. M. Perry		LK			PRESENT		f5fc4e61-b7a0-414b-ab68-b41cb23e7fdc	7.214543	80.182271							1965-12-07	7	12	1965	3183002	3183002	PRESERVED_SPECIMEN	Moscow State University	MW	MW0743875				CC_BY_4_0	Moscow State University	Lukina E.			2024-11-19T09:16:23.562Z	StillImage	CONTINENT_DERIVED_FROM_COORDINATES;INSTITUTION_MATCH_FUZZY;COLLECTION_MATCH_FUZZY
1258546241	7bd65a7a-f762-11e1-a439-00145eb45e9a	urn:catalog:MO:Tropicos:1329037	Plantae	Tracheophyta	Magnoliopsida	Myrtales	Myrtaceae	Syzygium	Syzygium aromaticum		SPECIES	Syzygium aromaticum (L.) Merr. & L.M.Perry	Syzygium aromaticum (L.) Merr. & L.M. Perry	(L.) Merr. & L.M. Perry	GE	Mestia Region. Capital city of Tbilisi. In open air market, off of Rustaveli Street. Vendors of fresh produce, meat, grains and spices.	Kvemo Kartli	PRESENT	2	90fd6680-349f-11d8-aa2d-b8a03c50a862	41.71777	44.78444			560.0				1998-09-04	4	9	1998	3183002	3183002	PRESERVED_SPECIMEN	MO	Tropicos	1329037	2953	M. Eristavi (TBI)	1998-01-01T00:00:00	CC_BY_4_0	Missouri Botanical Garden	Heidi H. Schmidt;Marina I. Eristavi;Mary Merello			2024-11-16T10:07:22.698Z		GEODETIC_DATUM_ASSUMED_WGS84;TAXON_MATCH_TAXON_ID_IGNORED;OCCURRENCE_STATUS_INFERRED_FROM_INDIVIDUAL_COUNT;COLLECTION_MATCH_NONE;INSTITUTION_MATCH_FUZZY
1257938283	e053ff53-c156-4e2e-b9b5-4462e9625424	urn:catalog:MO:Tropicos:100594212	Plantae	Tracheophyta	Magnoliopsida	Myrtales	Myrtaceae	Syzygium	Syzygium aromaticum		SPECIES	Syzygium aromaticum (L.) Merr. & L.M.Perry	Syzygium aromaticum (L.) Merr. & L.M. Perry	(L.) Merr. & L.M. Perry	ID	Central Halmahera, Weda Bay, Casuarina.	Maluku Islands	PRESENT	8	90fd6680-349f-11d8-aa2d-b8a03c50a862	0.529444	127.911111			156.0				2013-04-24	24	4	2013	3183002	3183002	PRESERVED_SPECIMEN	BO	Tropicos	100594212	1146	I Rachman (BO)	2013-01-01T00:00:00	CC_BY_4_0	Missouri Botanical Garden	Ehoarn Bidault;Tariq Stévart;Roji Mahroji;Tjut Bangun;Bahar Fabanyo;Arief Hidayat			2024-11-09T08:24:52.259Z	StillImage	GEODETIC_DATUM_ASSUMED_WGS84;TAXON_MATCH_TAXON_ID_IGNORED;OCCURRENCE_STATUS_INFERRED_FROM_INDIVIDUAL_COUNT;COLLECTION_MATCH_NONE;INSTITUTION_MATCH_FUZZY;DIFFERENT_OWNER_INSTITUTION
1257926392	e053ff53-c156-4e2e-b9b5-4462e9625424	urn:catalog:MO:Tropicos:100582109	Plantae	Tracheophyta	Magnoliopsida	Myrtales	Myrtaceae	Syzygium	Syzygium aromaticum		SPECIES	Syzygium aromaticum (L.) Merr. & L.M.Perry	Syzygium aromaticum (L.) Merr. & L.M. Perry	(L.) Merr. & L.M. Perry	ID	Central Halmahera. Weda Bay. Ake Jira.	Maluku Islands	PRESENT	8	90fd6680-349f-11d8-aa2d-b8a03c50a862	0.607333	127.921445			89.0				2013-04-03	3	4	2013	3183002	3183002	PRESERVED_SPECIMEN	BO	Tropicos	100582109	93	I Rachman (BO)	2013-01-01T00:00:00	CC_BY_4_0	Missouri Botanical Garden	Samsul Lasut;Iska Gushilman;Idris Haris;Bahar Fabanyo			2024-11-09T08:24:57.784Z		COORDINATE_ROUNDED;GEODETIC_DATUM_ASSUMED_WGS84;TAXON_MATCH_TAXON_ID_IGNORED;OCCURRENCE_STATUS_INFERRED_FROM_INDIVIDUAL_COUNT;COLLECTION_MATCH_NONE;INSTITUTION_MATCH_FUZZY;DIFFERENT_OWNER_INSTITUTION
1257926391	e053ff53-c156-4e2e-b9b5-4462e9625424	urn:catalog:MO:Tropicos:100582081	Plantae	Tracheophyta	Magnoliopsida	Myrtales	Myrtaceae	Syzygium	Syzygium aromaticum		SPECIES	Syzygium aromaticum (L.) Merr. & L.M.Perry	Syzygium aromaticum (L.) Merr. & L.M. Perry	(L.) Merr. & L.M. Perry	ID	Central Halmahera. Weda Bay. Ake Jira.	Maluku Islands	PRESENT	4	90fd6680-349f-11d8-aa2d-b8a03c50a862	0.604194	127.922333			82.0				2013-04-02	2	4	2013	3183002	3183002	PRESERVED_SPECIMEN	BO	Tropicos	100582081	73	I Rachman (BO)	2013-01-01T00:00:00	CC_BY_4_0	Missouri Botanical Garden	Samsul Lasut;Iska Gushilman;Idris Haris;Bahar Fabanyo			2024-11-09T08:24:57.805Z		COORDINATE_ROUNDED;GEODETIC_DATUM_ASSUMED_WGS84;TAXON_MATCH_TAXON_ID_IGNORED;OCCURRENCE_STATUS_INFERRED_FROM_INDIVIDUAL_COUNT;COLLECTION_MATCH_NONE;INSTITUTION_MATCH_FUZZY;DIFFERENT_OWNER_INSTITUTION
1257923512	e053ff53-c156-4e2e-b9b5-4462e9625424	urn:catalog:MO:Tropicos:100579031	Plantae	Tracheophyta	Magnoliopsida	Myrtales	Myrtaceae	Syzygium	Syzygium aromaticum		SPECIES	Syzygium aromaticum (L.) Merr. & L.M.Perry	Syzygium aromaticum (L.) Merr. & L.M. Perry	(L.) Merr. & L.M. Perry	ID	Central Halmahera. Weda Bay. Casuarina.	Maluku Islands	PRESENT	7	90fd6680-349f-11d8-aa2d-b8a03c50a862	0.524556	127.913056			205.0				2013-03-23	23	3	2013	3183002	3183002	PRESERVED_SPECIMEN	BO	Tropicos	100579031	679	I Rachman (BO)	2013-01-01T00:00:00	CC_BY_4_0	Missouri Botanical Garden	Tjut Bangun;Roji Mahroji;Samsul Lasut;Bahar Fabanyo			2024-11-09T08:24:57.757Z		COORDINATE_ROUNDED;GEODETIC_DATUM_ASSUMED_WGS84;TAXON_MATCH_TAXON_ID_IGNORED;OCCURRENCE_STATUS_INFERRED_FROM_INDIVIDUAL_COUNT;COLLECTION_MATCH_NONE;INSTITUTION_MATCH_FUZZY;DIFFERENT_OWNER_INSTITUTION
1257906045	e053ff53-c156-4e2e-b9b5-4462e9625424	urn:catalog:MO:Tropicos:100560972	Plantae	Tracheophyta	Magnoliopsida	Myrtales	Myrtaceae	Syzygium	Syzygium aromaticum		SPECIES	Syzygium aromaticum (L.) Merr. & L.M.Perry	Syzygium aromaticum (L.) Merr. & L.M. Perry	(L.) Merr. & L.M. Perry	ID	Central Halmahera. Weda Bay. Gwomdi.	Maluku Islands	PRESENT	8	90fd6680-349f-11d8-aa2d-b8a03c50a862	0.480056	127.982861			10.0				2013-01-17	17	1	2013	3183002	3183002	PRESERVED_SPECIMEN	L	Tropicos	100560972	321	I Rachman (BO)	2013-01-01T00:00:00	CC_BY_4_0	Missouri Botanical Garden	Iska Gushilman;Porter P. Lowry II;Idris Haris;Tjut Bangun;Roji Mahroji			2024-11-09T08:23:21.129Z	StillImage	COORDINATE_ROUNDED;GEODETIC_DATUM_ASSUMED_WGS84;TAXON_MATCH_TAXON_ID_IGNORED;OCCURRENCE_STATUS_INFERRED_FROM_INDIVIDUAL_COUNT;COLLECTION_MATCH_NONE;INSTITUTION_MATCH_FUZZY;DIFFERENT_OWNER_INSTITUTION
1257903020	e053ff53-c156-4e2e-b9b5-4462e9625424	urn:catalog:MO:Tropicos:100557932	Plantae	Tracheophyta	Magnoliopsida	Myrtales	Myrtaceae	Syzygium	Syzygium aromaticum		SPECIES	Syzygium aromaticum (L.) Merr. & L.M.Perry	Syzygium aromaticum (L.) Merr. & L.M. Perry	(L.) Merr. & L.M. Perry	ID	Central Halmahera. Weda Bay. Sake South.	Maluku Islands	PRESENT	1	90fd6680-349f-11d8-aa2d-b8a03c50a862	0.480806	127.9905			27.0				2013-01-03	3	1	2013	3183002	3183002	PRESERVED_SPECIMEN	L	Tropicos	100557932	449	I Rachman (BO)	2013-01-01T00:00:00	CC_BY_4_0	Missouri Botanical Garden	Tjut Bangun;Idris Haris;Bahar Fabanyo;Samsul Lasut			2024-11-09T08:24:57.380Z	StillImage	COORDINATE_ROUNDED;GEODETIC_DATUM_ASSUMED_WGS84;TAXON_MATCH_TAXON_ID_IGNORED;OCCURRENCE_STATUS_INFERRED_FROM_INDIVIDUAL_COUNT;COLLECTION_MATCH_NONE;INSTITUTION_MATCH_FUZZY;DIFFERENT_OWNER_INSTITUTION
1257899262	e053ff53-c156-4e2e-b9b5-4462e9625424	urn:catalog:MO:Tropicos:100554041	Plantae	Tracheophyta	Magnoliopsida	Myrtales	Myrtaceae	Syzygium	Syzygium aromaticum		SPECIES	Syzygium aromaticum (L.) Merr. & L.M.Perry	Syzygium aromaticum (L.) Merr. & L.M. Perry	(L.) Merr. & L.M. Perry	ID	Central Halmahera. Weda Bay. Ake Jira, south.	Maluku Islands	PRESENT	1	90fd6680-349f-11d8-aa2d-b8a03c50a862	0.606	127.918806			80.0				2012-12-19	19	12	2012	3183002	3183002	PRESERVED_SPECIMEN	BO	Tropicos	100554041	135	I Rachman (BO)	2013-01-01T00:00:00	CC_BY_4_0	Missouri Botanical Garden	Roji Mahroji;Tjut Bangun;Iska Gushilman;Bahar Fabanyo			2024-11-09T08:24:57.139Z	StillImage	COORDINATE_ROUNDED;GEODETIC_DATUM_ASSUMED_WGS84;TAXON_MATCH_TAXON_ID_IGNORED;OCCURRENCE_STATUS_INFERRED_FROM_INDIVIDUAL_COUNT;COLLECTION_MATCH_NONE;INSTITUTION_MATCH_FUZZY;DIFFERENT_OWNER_INSTITUTION
1257897237	e053ff53-c156-4e2e-b9b5-4462e9625424	urn:catalog:MO:Tropicos:100552029	Plantae	Tracheophyta	Magnoliopsida	Myrtales	Myrtaceae	Syzygium	Syzygium aromaticum		SPECIES	Syzygium aromaticum (L.) Merr. & L.M.Perry	Syzygium aromaticum (L.) Merr. & L.M. Perry	(L.) Merr. & L.M. Perry	ID	Central Halmahera. Weda Bay. Ake Jira.	Maluku Islands	PRESENT	6	90fd6680-349f-11d8-aa2d-b8a03c50a862	0.614528	127.917583			68.0				2012-12-17	17	12	2012	3183002	3183002	PRESERVED_SPECIMEN	L	Tropicos	100552029	7341	I Rachman (BO)	2013-01-01T00:00:00	CC_BY_4_0	Missouri Botanical Garden	Richard Razakamalala;Mary Merello;Tjut Bangun;Bahar Fabanyo			2024-11-09T08:23:20.986Z	StillImage	COORDINATE_ROUNDED;GEODETIC_DATUM_ASSUMED_WGS84;TAXON_MATCH_TAXON_ID_IGNORED;OCCURRENCE_STATUS_INFERRED_FROM_INDIVIDUAL_COUNT;COLLECTION_MATCH_NONE;INSTITUTION_MATCH_FUZZY;DIFFERENT_OWNER_INSTITUTION
